东直门交通枢纽:,116.442681,39.947304,东直门外大街39号
北运河东地铁站:,116.71603,39.907657,北京市通州区运河东大街辅路
一嗨租车(北沙滩地铁站送车点):,116.376308,40.007216,海淀区清华东路北沙滩地铁站C口
5号线地铁和平里北街站b:,116.425518,39.965195,和平里北街108号附近
地铁西四站:,116.379305,39.929133,北京市西城区
地铁北工大西门站:,116.483911,39.881236,北京市朝阳区
地铁枣园站:,116.33834,39.75877,北京市大兴区
一嗨租车(天宫院地铁站送车点):,116.326602,39.676001,地铁4号线天宫站
地铁新街口站:,116.37556,39.946749,北京市西城区
一嗨租车(十里河地铁站送车点):,116.46464,39.87236,东三环路十里河桥西十里河地铁站E口东南侧
永定门外:,116.404959,39.874684,北京市东城区永定门外大街
郝家府:,116.724215,39.909286,地铁6号线
潞城:,116.754799,39.90889,地铁6号线
东夏园:,116.740896,39.909493,地铁6号线
俸伯:,116.69145,40.138304,地铁15号线
顺义:,116.663478,40.136138,地铁15号线
石门:,116.647499,40.136314,地铁15号线
南法信:,116.616411,40.134458,地铁15号线
T2航站楼:,116.599563,40.085493,机场线
花梨坎:,116.564223,40.090312,地铁15号线
后沙峪:,116.570793,40.119865,地铁15号线
天通苑北:,116.419385,40.089597,地铁5号线
天通苑:,116.419233,40.081478,地铁5号线
回龙观东大街:,116.369753,40.086965,地铁8号线
南邵:,116.293505,40.21343,地铁昌平线
北邵洼:,116.287975,40.228114,地铁昌平线
沙河高教园:,116.286757,40.171012,地铁昌平线
昌平:,116.240088,40.226351,地铁昌平线
昌平东关:,116.268533,40.227946,地铁昌平线
昌平西山口:,116.202226,40.250294,地铁昌平线
十三陵景区:,116.214346,40.245742,地铁昌平线
巩华城:,116.300434,40.137318,地铁昌平线
沙河:,116.295058,40.154693,地铁昌平线
育知路:,116.333898,40.09371,地铁8号线
平西府:,116.357247,40.095792,地铁8号线
生命科学园:,116.30055,40.100975,地铁昌平线
朱辛庄:,116.32013,40.110334,地铁8号线; 地铁昌平线
T3航站楼:,116.621643,40.058887,机场线
国展:,116.561721,40.075932,地铁15号线
北运河西:,116.694432,39.90893,地铁6号线
通州北苑:,116.64361,39.910064,八通线
物资学院路:,116.645543,39.933087,地铁6号线
通州北关:,116.668053,39.924687,地铁6号线
草房:,116.622546,39.930673,地铁6号线
常营:,116.605447,39.93151,地铁6号线
八里桥:,116.625141,39.912218,八通线
管庄:,116.605782,39.914907,八通线
黄渠:,116.584917,39.929937,地铁6号线
褡裢坡:,116.570223,39.929826,地铁6号线
双桥:,116.583332,39.915885,八通线
传媒大学:,116.561375,39.915197,八通线
马泉营:,116.509638,40.039847,地铁15号线
孙河:,116.54104,40.051264,地铁15号线
崔各庄:,116.499145,40.028437,地铁15号线
望京南:,116.488454,39.990534,地铁14号线东段
望京:,116.475304,40.004532,地铁14号线东段; 地铁15号线
善各庄:,116.484762,40.03309,地铁14号线东段
来广营:,116.473489,40.026145,地铁14号线东段
望京西:,116.455596,40.001109,地铁13号线; 地铁15号线
东湖渠:,116.474032,40.016228,地铁14号线东段
望京东:,116.4933,40.00927,地铁15号线
阜通:,116.477642,39.997887,地铁14号线东段
天通苑南:,116.419113,40.072752,地铁5号线
立水桥:,116.418274,40.059244,地铁13号线; 地铁5号线
立水桥南:,116.420973,40.048143,地铁5号线
北苑路北:,116.424525,40.036821,地铁5号线
北苑:,116.441315,40.048872,地铁13号线
大屯路东:,116.424567,40.009611,地铁15号线; 地铁5号线
惠新西街北口:,116.423532,39.994151,地铁5号线
安立路:,116.414285,40.008946,地铁15号线
关庄:,116.437889,40.007136,地铁15号线
林萃桥:,116.378905,40.027995,地铁8号线
森林公园南门:,116.399036,40.016211,地铁8号线
北沙滩:,116.375561,40.007538,地铁15号线
奥体中心:,116.400191,39.992442,地铁8号线
奥林匹克公园:,116.398711,40.007852,地铁15号线; 地铁8号线
枣营:,116.48155,39.950188,地铁14号线东段
农业展览馆:,116.468772,39.946988,地铁10号线
亮马桥:,116.468743,39.955006,地铁10号线
三元桥:,116.463573,39.96688,地铁10号线; 机场线
将台:,116.496253,39.97696,地铁14号线东段
东风北桥:,116.492579,39.9645,地铁14号线东段
青年路:,116.523829,39.929469,地铁6号线
十里堡:,116.508479,39.929238,地铁6号线
高碑店:,116.538,39.915798,八通线
四惠东:,116.522347,39.914943,八通线; 地铁1号线
四惠:,116.501945,39.91486,八通线; 地铁1号线
东大桥:,116.458252,39.928625,地铁6号线
金台夕照:,116.468282,39.922961,地铁10号线
呼家楼:,116.468237,39.928981,地铁10号线; 地铁6号线
团结湖:,116.468337,39.939382,地铁10号线
大望路:,116.48342,39.914424,地铁14号线东段; 地铁1号线
永安里:,116.457089,39.914223,地铁1号线
国贸:,116.467523,39.914435,地铁10号线; 地铁1号线
金台路:,116.484892,39.929069,地铁14号线东段; 地铁6号线
朝阳公园:,116.484946,39.939443,地铁14号线东段
太阳宫:,116.454059,39.978367,地铁10号线
安贞门:,116.412371,39.983322,地铁10号线
惠新西街南口:,116.42404,39.983276,地铁10号线; 地铁5号线
和平西桥:,116.424463,39.974502,地铁5号线
和平里北街:,116.425051,39.964752,地铁5号线
北新桥:,116.423298,39.947112,地铁5号线
安定门:,116.414597,39.955441,地铁2号线
雍和宫:,116.42312,39.955113,地铁2号线; 地铁5号线
东直门:,116.441454,39.947892,地铁13号线; 地铁2号线; 机场线
柳芳:,116.439265,39.964106,地铁13号线
光熙门:,116.438355,39.974474,地铁13号线
芍药居:,116.443571,39.983549,地铁10号线; 地铁13号线
安华桥:,116.400603,39.974878,地铁8号线
安德里北街:,116.400884,39.963931,地铁8号线
新街口:,116.374132,39.94658,地铁4号线大兴线
北土城:,116.400663,39.983255,地铁10号线; 地铁8号线
北环城路:,125.330771,43.953747,地铁1号线
东大桥:,125.363683,43.905937,轻轨4号线
伪皇宫:,125.358721,43.911504,轻轨4号线
北亚泰大街:,125.344384,43.918097,轻轨4号线
浦东路:,125.37127,43.863052,轻轨4号线
自由大路:,125.371121,43.869758,轻轨4号线
公平路:,125.370928,43.87794,轻轨4号线
吉林大路:,125.370789,43.887237,轻轨4号线
农博园:,125.451568,43.820355,轻轨3号线
华桥外院博学路:,125.445908,43.827458,轻轨3号线
东北师大:,125.436017,43.835614,轻轨3号线
中医药大学:,125.427688,43.840641,轻轨3号线
长影世纪城:,125.456929,43.777288,轻轨3号线
滑雪场:,125.456102,43.782183,轻轨3号线
福祉路:,125.446607,43.790984,轻轨3号线
紫杉路:,125.44668,43.798606,轻轨3号线
净月公园:,125.457405,43.808973,轻轨3号线
世纪广场:,125.409398,43.84314,轻轨3号线
会展中心:,125.397469,43.839755,轻轨3号线
仙台大街:,125.386145,43.839485,轻轨3号线
南三环:,125.372015,43.823346,轻轨4号线
世荣路:,125.371893,43.831119,轻轨4号线
卫星路:,125.371689,43.838454,轻轨4号线
北海路:,125.371592,43.847767,轻轨4号线
东南湖大路:,125.371405,43.856445,轻轨4号线
临河街:,125.373004,43.839058,轻轨3号线
伊通河:,125.356821,43.838591,轻轨3号线
亚泰大街:,125.345987,43.838289,轻轨3号线
工农广场:,125.332149,43.85693,地铁1号线
繁荣路:,125.332302,43.847036,地铁1号线
市政府:,125.332806,43.82505,地铁1号线
车场:,125.372732,43.801532,轻轨4号线
南四环:,125.372285,43.813119,轻轨4号线
红嘴子:,125.333749,43.795997,地铁1号线
华庆路:,125.334045,43.805893,地铁1号线
辽宁路:,125.321286,43.915034,轻轨3号线
长春站:,125.327959,43.915105,轻轨3号线
庆丰路:,125.330802,43.942965,地铁1号线
胜利公园:,125.330946,43.905837,地铁1号线
一匡街:,125.330839,43.931072,地铁1号线
长春站北:,125.330332,43.919797,地铁1号线; 轻轨4号线
湖西桥:,125.288808,43.876114,轻轨3号线
解放桥:,125.29379,43.883016,轻轨3号线
朝阳桥:,125.299176,43.890469,轻轨3号线
南昌路:,125.303404,43.896274,轻轨3号线
西安桥:,125.306772,43.901014,轻轨3号线
人民广场:,125.331206,43.894912,地铁1号线
东北师大:,125.33179,43.869874,地铁1号线
解放大路:,125.331502,43.883946,地铁1号线
抚松路:,125.274605,43.864281,轻轨3号线
宽平桥:,125.280569,43.869175,轻轨3号线
卫光街:,125.322248,43.838526,轻轨3号线
卫明街:,125.3093,43.838558,轻轨3号线
前进大街:,125.299771,43.838511,轻轨3号线
前进:,125.292741,43.838594,轻轨3号线
卫星广场:,125.331666,43.838574,地铁1号线; 轻轨3号线
硅谷大街:,125.2848,43.839551,轻轨3号线
湖光路:,125.273141,43.850784,轻轨3号线
南湖大路:,125.268512,43.85731,轻轨3号线
树木岭站:,113.024905,28.162307,劳动东路和树木岭路交叉路口东北角
长株潭城际铁路湘府路站:,113.03451,28.117124,湘府东路北50米
一嗨租车(友谊路地铁站送车点):,112.993148,28.129606,芙蓉南路828号
磁浮机场站:,113.225094,28.197387,磁浮快线
磁浮榔梨:,113.139808,28.166949,磁浮快线
万家丽广场:,113.03682,28.197832,地铁2号线
人民东路:,113.045145,28.190618,地铁2号线
长沙大道:,113.050866,28.174571,地铁2号线
光达:,113.091606,28.153764,地铁2号线
磁浮高铁站:,113.073881,28.154345,磁浮快线
沙湾公园:,113.050943,28.163977,地铁2号线
长沙火车南站:,113.071257,28.15244,地铁2号线
杜花路:,113.062923,28.152466,地铁2号线
开福区政府:,112.991966,28.267593,地铁1号线
文昌阁:,112.984896,28.219082,地铁1号线
开福寺:,112.985892,28.228121,地铁1号线
马厂:,112.995326,28.256779,地铁1号线
北辰三角洲:,112.990357,28.241574,地铁1号线
望城坡:,112.920419,28.213735,地铁2号线
芙蓉广场:,112.990715,28.200609,地铁2号线
侯家塘:,112.988453,28.17947,地铁1号线
南湖路:,112.992335,28.171698,地铁1号线
袁家岭:,113.007348,28.200278,地铁2号线
锦泰广场:,113.024395,28.198147,地铁2号线
长沙火车站:,113.017355,28.199702,地铁2号线
迎宾路口:,112.998498,28.200532,地铁2号线
西湖公园:,112.946581,28.208728,地铁2号线
溁湾镇:,112.957829,28.203578,地铁2号线
南门口:,112.982623,28.189214,地铁1号线
培元桥:,112.983134,28.21192,地铁1号线
黄兴广场:,112.982974,28.194936,地铁1号线
橘子洲:,112.968932,28.20109,地铁2号线
五一广场:,112.982965,28.20098,地铁1号线; 地铁2号线
湘江中路:,112.975848,28.200844,地铁2号线
涂家冲:,112.991219,28.159146,地铁1号线
黄土岭:,112.992208,28.165866,地铁1号线
铁道学院:,112.993968,28.14178,地铁1号线
友谊路:,112.993456,28.130001,地铁1号线
梅溪湖东:,112.91459,28.207645,地铁2号线
麓云路:,112.898805,28.196796,地铁2号线
文化艺术中心:,112.906975,28.202815,地铁2号线
金星路:,112.935037,28.212296,地铁2号线
梅溪湖西:,112.888192,28.191411,地铁2号线
大托:,112.995823,28.08838,地铁1号线
省政府:,112.994094,28.116788,地铁1号线
桂花坪:,112.994948,28.104856,地铁1号线
中信广场:,112.99625,28.079514,地铁1号线
尚双塘:,112.998775,28.068358,地铁1号线
天回镇南:,104.120496,30.750662,四川省成都市金牛区蓉都大道天回路343号
地铁升仙湖:,104.088959,30.70964,成都市成华区红花堰小区5栋2单元2号
成都地铁5号线大丰车辆段:,104.114178,30.833798,四川省成都市新都区香城大道
地铁1号线(升仙湖-广都):,104.089843,30.710662,四川省成都市成华区升仙湖南路
地铁1号线(广都-升仙湖):,104.083698,30.516995,新华路附近
一嗨租车(羊犀立交地铁站送车点):,104.019161,30.700401,蜀汉路351号
军区总医院:,104.120704,30.750372,地铁3号线
熊猫大道:,104.114587,30.73136,地铁3号线
动物园:,104.10979,30.719393,地铁3号线
韦家碾:,104.09347,30.723309,地铁1号线
理工大学:,104.141806,30.68016,地铁7号线
府青路:,104.114061,30.700089,地铁7号线
八里庄:,104.124594,30.692976,地铁7号线
二仙桥:,104.133064,30.686612,地铁7号线
昭觉寺南路:,104.103412,30.708619,地铁3号线
九里堤:,104.063593,30.700882,地铁7号线
升仙湖:,104.089841,30.710665,地铁1号线
红星桥:,104.096997,30.676898,地铁3号线
火车北站:,104.080302,30.701717,地铁1号线; 地铁7号线
北站西二路:,104.072783,30.700681,地铁7号线
前锋路:,104.09863,30.68466,地铁3号线
人民北路:,104.079646,30.691421,地铁1号线
李家沱:,104.10104,30.695214,地铁3号线
驷马桥:,104.100173,30.70132,地铁3号线; 地铁7号线
文殊院:,104.0747,30.678826,地铁1号线
西河:,104.226824,30.652991,地铁4号线
明蜀王陵:,104.202963,30.653989,地铁4号线
成渝立交:,104.15365,30.631289,地铁2号线
十陵:,104.179148,30.652201,地铁4号线
成都大学:,104.188051,30.652963,地铁4号线
来龙:,104.170525,30.653359,地铁4号线
大面铺:,104.207652,30.598369,地铁2号线
连山坡:,104.219611,30.593184,地铁2号线
界牌:,104.231405,30.588616,地铁2号线
成都行政学院:,104.176883,30.603508,地铁2号线
洪河:,104.164147,30.611102,地铁2号线
惠王陵:,104.158678,30.618267,地铁2号线
塔子山公园:,104.129491,30.635471,地铁2号线
东大路:,104.118789,30.639294,地铁2号线
牛市口:,104.114368,30.64368,地铁2号线
双桥路:,104.119384,30.652975,地铁4号线
成都东客站:,104.147367,30.635366,地铁2号线; 地铁7号线
万年场:,104.12622,30.64984,地铁4号线
崔家店:,104.142952,30.671593,地铁7号线
槐树店:,104.145882,30.655811,地铁4号线; 地铁7号线
迎晖路:,104.146216,30.645197,地铁7号线
双店路:,104.143432,30.663744,地铁7号线
牛王庙:,104.101116,30.650728,地铁2号线
东门大桥:,104.093881,30.654082,地铁2号线
人民公园:,104.063036,30.665544,地铁2号线
倪家桥:,104.073328,30.631073,地铁1号线
新南门:,104.081673,30.650261,地铁3号线
华西坝:,104.072743,30.649044,地铁1号线
省体育馆:,104.073066,30.639477,地铁1号线; 地铁3号线
天府广场:,104.072227,30.663456,地铁1号线; 地铁2号线
磨子桥:,104.082508,30.642804,地铁3号线
玉双路:,104.104871,30.65986,地铁4号线
锦江宾馆:,104.072507,30.656241,地铁1号线
骡马市:,104.072166,30.672685,地铁1号线; 地铁4号线
春熙路:,104.086074,30.659602,地铁2号线; 地铁3号线
太升南路:,104.083615,30.670442,地铁4号线
市二医院:,104.090878,30.666502,地铁3号线; 地铁4号线
四川师大:,104.122187,30.614758,地铁7号线
狮子山:,104.130838,30.621828,地铁7号线
大观:,104.139225,30.627654,地铁7号线
琉璃场:,104.10758,30.613025,地铁7号线
金融城:,104.070573,30.588679,地铁1号线
高新:,104.070277,30.600337,地铁1号线
三瓦窑:,104.084064,30.610039,地铁7号线
桐梓林:,104.073642,30.621375,地铁1号线
火车南站:,104.073759,30.611023,地铁1号线; 地铁7号线
龙平路:,104.265308,30.579156,地铁2号线
书房:,104.248644,30.581505,地铁2号线
龙泉驿:,104.274103,30.566453,地铁2号线
天府三街:,104.075175,30.552622,地铁1号线
孵化园:,104.070815,30.581795,地铁1号线
世纪城:,104.074947,30.560878,地铁1号线
锦城广场:,104.073413,30.573732,地铁1号线
天府五街:,104.07547,30.542862,地铁1号线
广都:,104.082319,30.516692,地铁1号线
华阳:,104.076741,30.509331,地铁1号线
海昌路:,104.077101,30.49877,地铁1号线
五根松:,104.087978,30.507644,地铁1号线
华府大道:,104.075945,30.531749,地铁1号线
四河:,104.076243,30.523343,地铁1号线
广福:,104.076314,30.484353,地铁1号线
麓湖:,104.079621,30.458566,地铁1号线
红石公园:,104.07924,30.470325,地铁1号线
广州路:,104.083878,30.42521,地铁1号线
武汉路:,104.07966,30.447102,地铁1号线
西博城:,104.083903,30.430926,地铁1号线
天府公园:,104.084212,30.438844,地铁1号线
兴隆湖:,104.082965,30.411282,地铁1号线
科学城:,104.078889,30.397219,地铁1号线
犀浦:,103.978059,30.763697,地铁2号线
迎宾大道:,104.020011,30.719324,地铁2号线
金科北路:,104.013327,30.726628,地铁2号线
金周路:,104.002761,30.727484,地铁2号线
百草路:,103.985905,30.7388,地铁2号线
天河路:,103.982891,30.751585,地铁2号线
白果林:,104.039619,30.679958,地铁2号线
蜀汉路东:,104.035524,30.689167,地铁2号线
羊犀立交:,104.018944,30.700234,地铁2号线
茶店子客运站:,104.019632,30.712269,地铁2号线
草堂北路:,104.035794,30.675043,地铁4号线
西南交大:,104.055792,30.700724,地铁7号线
金沙博物馆:,104.018944,30.683289,地铁7号线
花照壁:,104.047249,30.702914,地铁7号线
茶店子:,104.03713,30.702413,地铁7号线
一品天下:,104.026629,30.695109,地铁2号线; 地铁7号线
西南财大:,104.027765,30.676435,地铁4号线
鹿山:,106.614905,29.726226,轨道交通10号线
金竹站(轻轨3号线):,106.531439,29.382264,箭河路29号附近
动物园站(轻轨2号线):,106.514444,29.504673,null
举人坝:,106.673749,29.797612,轨道交通3号线北延伸线
观月路:,106.659198,29.780945,轨道交通3号线北延伸线
莲花:,106.662352,29.791444,轨道交通3号线北延伸线
高堡湖:,106.649604,29.757628,轨道交通3号线北延伸线
江北机场T3航站楼:,106.661615,29.713247,轨道交通10号线
碧津:,106.639182,29.716784,轨道交通3号线; 轨道交通3号线北延伸线
渝北广场:,106.637732,29.724525,轨道交通10号线
双凤桥:,106.639787,29.734447,轨道交通3号线北延伸线
江北机场T2航站楼:,106.64409,29.723695,轨道交通10号线; 轨道交通3号线
空港广场:,106.640358,29.742215,轨道交通3号线北延伸线
中央公园西:,106.578782,29.729969,轨道交通10号线
中央公园东:,106.598087,29.729651,轨道交通10号线
中央公园:,106.589844,29.729785,轨道交通10号线
国博中心:,106.551846,29.723106,国博线
悦来:,106.554395,29.73196,轨道交通10号线; 国博线
高义口:,106.53526,29.709426,国博线
王家庄:,106.55217,29.750344,轨道交通10号线
双龙:,106.625199,29.70361,轨道交通3号线
回兴:,106.612551,29.696265,轨道交通3号线
长河:,106.636058,29.679735,轨道交通10号线
环山公园:,106.628728,29.664539,轨道交通10号线
上湾路:,106.615926,29.655932,轨道交通10号线
长福路:,106.594978,29.693688,轨道交通3号线
翠云:,106.579151,29.692174,轨道交通3号线
园博园:,106.570132,29.680962,轨道交通3号线
园博中心:,106.567692,29.681481,轨道交通5号线
鸳鸯:,106.566651,29.667462,轨道交通3号线
湖霞街:,106.545079,29.665856,轨道交通5号线
丹鹤:,106.557116,29.672957,轨道交通5号线
黄茅坪:,106.537446,29.68169,国博线
金童路:,106.574038,29.649656,轨道交通3号线
金渝:,106.577012,29.641575,轨道交通3号线
三亚湾:,106.59106,29.644291,轨道交通10号线
民心佳园:,106.57366,29.632823,轨道交通10号线
龙头寺:,106.556103,29.622918,轨道交通3号线
童家院子:,106.561428,29.6346,轨道交通3号线
和睦路:,106.539679,29.635465,轨道交通5号线
重光:,106.536213,29.654048,轨道交通5号线
人和:,106.528791,29.629326,轨道交通5号线
五里店:,106.571911,29.591462,轨道交通6号线
江北城:,106.578425,29.582589,轨道交通6号线
大剧院:,106.583776,29.575299,轨道交通6号线
郑家院子:,106.536795,29.605603,轨道交通3号线
重庆北站南广场:,106.55566,29.612752,轨道交通3号线
嘉州路:,106.528742,29.601189,轨道交通3号线
狮子坪:,106.555622,29.607512,轨道交通3号线
唐家院子:,106.547144,29.605376,轨道交通3号线
观音桥:,106.539578,29.579105,轨道交通3号线
黄泥塝:,106.54439,29.594654,轨道交通6号线
红旗河沟:,106.53279,29.59129,轨道交通3号线; 轨道交通6号线
红土地:,106.557302,29.590388,轨道交通10号线; 轨道交通6号线
重庆北站北广场:,106.557348,29.618068,轨道交通10号线
龙头寺公园:,106.557204,29.604914,轨道交通10号线
鲤鱼池:,106.555492,29.579119,轨道交通10号线
工贸:,106.569313,29.538027,轨道交通3号线
南坪:,106.576278,29.53232,轨道交通3号线
七星岗:,106.569869,29.561247,轨道交通1号线
黄花园:,106.571595,29.569567,轨道交通2号线
临江门:,106.581941,29.564158,轨道交通2号线
较场口:,106.579427,29.559531,轨道交通1号线; 轨道交通2号线
上新街:,106.603606,29.562046,轨道交通6号线
小什字:,106.589885,29.565742,轨道交通1号线; 轨道交通6号线
铜元局:,106.557988,29.542228,轨道交通3号线
华新街:,106.543734,29.570144,轨道交通3号线
鹅岭:,106.540406,29.554006,轨道交通1号线
两路口:,106.555438,29.558881,轨道交通1号线; 轨道交通3号线
大坪:,106.525729,29.546929,轨道交通1号线; 轨道交通2号线
佛图关:,106.537896,29.555334,轨道交通2号线
李子坝:,106.54419,29.558954,轨道交通2号线
牛角沱:,106.549168,29.566104,轨道交通2号线; 轨道交通3号线
曾家岩:,106.55619,29.572738,轨道交通2号线
大溪沟:,106.565021,29.572422,轨道交通2号线
北碚:,106.444109,29.831793,轨道交通6号线
天生:,106.43027,29.822666,轨道交通6号线
龙凤溪:,106.410485,29.795454,轨道交通6号线
状元碑:,106.405498,29.80902,轨道交通6号线
蔡家:,106.498731,29.741856,轨道交通6号线
曹家湾:,106.500848,29.727226,轨道交通6号线
向家岗:,106.47947,29.745373,轨道交通6号线
礼嘉:,106.49537,29.673616,轨道交通6号线; 国博线
欢乐谷:,106.515778,29.674334,国博线
金山寺:,106.498733,29.685702,轨道交通6号线
光电园:,106.505995,29.621798,轨道交通6号线
大竹林:,106.484788,29.634275,轨道交通6号线
康庄:,106.485461,29.640872,轨道交通6号线
幸福广场:,106.514788,29.622701,轨道交通5号线
九曲河:,106.48937,29.659765,轨道交通6号线
花卉园:,106.519089,29.588966,轨道交通6号线
冉家坝:,106.505558,29.604155,轨道交通5号线; 轨道交通6号线
大龙山:,106.505249,29.595647,轨道交通5号线; 轨道交通6号线
磁器口:,106.452879,29.583095,轨道交通1号线
双碑:,106.450808,29.611946,轨道交通1号线
石井坡:,106.450683,29.595712,轨道交通1号线
石桥铺:,106.491476,29.538543,轨道交通1号线
歇台子:,106.504851,29.541236,轨道交通1号线
石油路:,106.515073,29.5439,轨道交通1号线
袁家岗:,106.520419,29.534975,轨道交通2号线
杨公桥:,106.456883,29.567999,轨道交通1号线
烈士墓:,106.451908,29.573895,轨道交通1号线
高庙村:,106.475851,29.542392,轨道交通1号线
沙坪坝:,106.466725,29.562705,轨道交通1号线
小龙坎:,106.474979,29.559622,轨道交通1号线
马家岩:,106.474896,29.551196,轨道交通1号线
微电园:,106.369701,29.615577,轨道交通1号线
赖家桥:,106.38853,29.615967,轨道交通1号线
陈家桥:,106.334948,29.61377,轨道交通1号线
大学城:,106.315439,29.61369,轨道交通1号线
尖顶坡:,106.299527,29.613362,轨道交通1号线
长生桥:,106.664502,29.517088,轨道交通6号线
邱家湾:,106.656022,29.503794,轨道交通6号线
刘家坪:,106.661815,29.530852,轨道交通6号线
茶园:,106.649481,29.493605,轨道交通6号线
四公里:,106.582697,29.52283,轨道交通3号线
二塘:,106.579277,29.494926,轨道交通3号线
六公里:,106.579759,29.503999,轨道交通3号线
五公里:,106.580273,29.5136,轨道交通3号线
谢家湾:,106.52407,29.524954,轨道交通2号线
八公里:,106.572247,29.484424,轨道交通3号线
麒龙:,106.569065,29.473188,轨道交通3号线
岔路口:,106.560929,29.454796,轨道交通3号线
九公里:,106.565455,29.464773,轨道交通3号线
花溪:,106.556597,29.43837,轨道交通3号线
大山村:,106.550124,29.419299,轨道交通3号线
学堂湾:,106.549509,29.404007,轨道交通3号线
金竹:,106.530385,29.381501,轨道交通3号线
鱼胡路:,106.545494,29.383555,轨道交通3号线
大渡口:,106.484692,29.487506,轨道交通2号线
平安:,106.491447,29.494535,轨道交通2号线
马王场:,106.495313,29.501844,轨道交通2号线
大堰村:,106.505525,29.505403,轨道交通2号线
动物园:,106.515836,29.505802,轨道交通2号线
杨家坪:,106.520438,29.513557,轨道交通2号线
新山村:,106.482676,29.4778,轨道交通2号线
金家湾:,106.482003,29.443956,轨道交通2号线
建桥:,106.481284,29.455386,轨道交通2号线
天堂堡:,106.478945,29.472982,轨道交通2号线
刘家坝:,106.48917,29.433505,轨道交通2号线
白居寺:,106.498622,29.420522,轨道交通2号线
大江:,106.507643,29.38987,轨道交通2号线
鱼洞:,106.512695,29.381705,轨道交通2号线; 轨道交通3号线
机场:,121.54598,38.967936,地铁2号线
华南广场:,121.592873,38.995751,地铁1号线
十九局:,121.736966,39.132919,胜利路915号
华南北:,121.592907,39.006828,辽宁省大连市甘井子区g202
金石滩:,122.013019,39.092547,地铁3号线
小窑湾:,121.905404,39.082789,地铁3号线
双d港:,121.878134,39.069025,地铁3号线
九里:,121.7488,39.154307,地铁3号线九里线; 地铁3号线九里支线
十九局:,121.736782,39.134876,地铁3号线九里线; 地铁3号线九里支线
和平路:,121.731805,39.113522,地铁3号线九里线; 地铁3号线九里支线
通世泰:,121.773617,39.074008,地铁3号线九里线; 地铁3号线九里支线
东山路:,121.744086,39.09781,地铁3号线九里线; 地铁3号线九里支线
鸿玮澜山:,121.757859,39.08794,地铁3号线九里线; 地铁3号线九里支线
保税区:,121.808616,39.066708,地铁3号线; 地铁3号线保税区线
开发区:,121.780941,39.059644,地铁3号线; 地铁3号线保税区线; 地铁3号线九里线; 地铁3号线九里支线
金马路:,121.750099,39.054755,地铁3号线; 地铁3号线保税区线; 地铁3号线九里线
大连湾:,121.716252,39.041418,地铁3号线; 地铁3号线保税区线; 地铁3号线九里线
后盐:,121.644248,39.027202,地铁3号线; 地铁3号线保税区线; 地铁3号线九里线
海之韵:,121.721976,38.916887,地铁2号线
东海:,121.709247,38.921292,地铁2号线
东港:,121.69607,38.926485,地铁2号线
中山广场:,121.65045,38.927382,地铁2号线
友好广场:,121.644405,38.925405,地铁2号线
港湾广场:,121.666353,38.932657,地铁2号线
会议中心:,121.681412,38.930869,地铁2号线
姚家:,121.626047,39.028678,地铁1号线
大连北站:,121.614253,39.020338,地铁1号线
泉水:,121.623326,39.006671,地铁3号线; 地铁3号线保税区线; 地铁3号线九里线
华北路:,121.600629,39.014425,地铁1号线
千山路:,121.587956,38.984842,地铁1号线
华南北:,121.592671,39.006567,地铁1号线
金家街:,121.608067,38.973605,地铁3号线; 地铁3号线保税区线; 地铁3号线九里线
东纬路:,121.586362,38.962746,地铁1号线
春柳:,121.588954,38.942007,地铁1号线
香工街:,121.594482,38.937825,地铁1号线
松江路:,121.58441,38.975214,地铁1号线
辛寨子:,121.522,38.979523,地铁2号线
虹锦路:,121.546669,38.953197,地铁2号线
虹港路:,121.549817,38.961953,地铁2号线
联合路:,121.60304,38.919882,地铁2号线
香炉礁:,121.610225,38.934325,地铁3号线; 地铁3号线保税区线; 地铁3号线九里线
大连火车站:,121.636964,38.928863,地铁3号线; 地铁3号线保税区线; 地铁3号线九里线
中长街:,121.599248,38.93073,地铁1号线
青泥洼桥:,121.637866,38.922593,地铁2号线
人民广场:,121.617058,38.916453,地铁2号线
一二九街:,121.629651,38.918863,地铁2号线
会展中心:,121.592205,38.897534,地铁1号线
富国街:,121.591426,38.904419,地铁1号线
兴工街:,121.595184,38.922888,地铁1号线
辽师大:,121.570117,38.922445,地铁2号线
交通大学:,121.577934,38.919221,地铁2号线
西安路:,121.593943,38.915681,地铁1号线; 地铁2号线
马栏广场:,121.560483,38.926825,地铁2号线
星海广场:,121.589148,38.89075,地铁1号线
黑石礁:,121.564611,38.881407,地铁1号线
大医二院:,121.577888,38.88804,地铁1号线
湾家:,121.548048,38.930912,地铁2号线
红旗西路:,121.539982,38.933678,地铁2号线
学苑广场:,121.551918,38.880972,地铁1号线
七贤岭:,121.533578,38.86285,地铁1号线
河口:,121.520375,38.849284,地铁12号线; 地铁1号线
海事大学:,121.540822,38.872587,地铁1号线
蔡大岭:,121.500976,38.856818,地铁12号线
黄泥川:,121.455288,38.862241,地铁12号线
龙王塘:,121.410027,38.841918,地铁12号线
塔河湾:,121.348066,38.829721,地铁12号线
旅顺:,121.259286,38.849528,地铁12号线
铁山:,121.183891,38.808231,地铁12号线
旅顺新港:,121.151543,38.812622,地铁12号线
东莞火车站:,113.866547,23.093938,地铁2号线
茶山:,113.852784,23.085801,地铁2号线
榴花公园:,113.820832,23.086034,地铁2号线
东城:,113.782837,23.038931,地铁2号线
下桥:,113.794912,23.06886,地铁2号线
天宝:,113.785169,23.053274,地铁2号线
蛤地:,113.735768,22.983955,地铁2号线
西平:,113.753315,23.000175,地铁2号线
鸿福路:,113.766551,23.018035,地铁2号线
旗峰公园:,113.774345,23.026411,地铁2号线
陈屋:,113.697701,22.964389,地铁2号线
寮厦:,113.680067,22.947018,地铁2号线
珊美:,113.671012,22.932834,地铁2号线
展览中心:,113.668075,22.908227,地铁2号线
虎门火车站:,113.678051,22.865236,地铁2号线
地铁站(云良路店):,113.268142,22.856215,广东省佛山市顺德区大良云景路68号桂畔里广场(华钠电影院旁)
北港地铁站港式奶茶连锁店:,113.132716,23.110602,大沥镇芦村新发区五路2号(城南小学对面)北港地铁站
潮皇地铁站港式奶茶连锁店:,113.062899,23.031593,广东省佛山市禅城区盈美莱农贸市场始平大道公交站旁
金融高新区:,113.164136,23.072794,广佛线
金融高新区:,113.164136,23.072794,广佛线
南桂路:,113.160495,23.040302,广佛线
礌岗:,113.16182,23.04932,广佛线
千灯湖:,113.161978,23.061348,广佛线
千灯湖:,113.161978,23.061348,广佛线
礌岗:,113.16182,23.04932,广佛线
南桂路:,113.160495,23.040302,广佛线
祖庙:,113.118754,23.032795,广佛线
普君北路:,113.12929,23.033514,广佛线
朝安:,113.140198,23.033679,广佛线
桂城:,113.147803,23.037744,广佛线
桂城:,113.147803,23.037744,广佛线
朝安:,113.140198,23.033679,广佛线
普君北路:,113.12929,23.033514,广佛线
祖庙:,113.118754,23.032795,广佛线
世纪莲:,113.121016,22.970946,广佛线
新城东:,113.146408,22.964908,广佛线
东平:,113.135677,22.971287,广佛线
东平:,113.135677,22.971287,广佛线
世纪莲:,113.121016,22.970946,广佛线
新城东:,113.146408,22.964908,广佛线
魁奇路:,113.115178,22.999866,广佛线
季华园:,113.115088,23.012841,广佛线
同济路:,113.114935,23.024725,广佛线
澜石:,113.113758,22.989978,广佛线
澜石:,113.113758,22.989978,广佛线
同济路:,113.114935,23.024725,广佛线
季华园:,113.115088,23.012841,广佛线
魁奇路:,113.115178,22.999866,广佛线
茶亭:,119.311014,26.075062,地铁1号线
象峰:,119.335745,26.148543,地铁1号线
树兜:,119.312739,26.108384,地铁1号线
秀山:,119.327528,26.139502,地铁1号线
斗门:,119.320151,26.109974,地铁1号线
福州火车站:,119.324809,26.11849,地铁1号线
罗汉山:,119.325079,26.131633,地铁1号线
达道:,119.316233,26.062989,地铁1号线
东街口:,119.305751,26.092151,地铁1号线
屏山:,119.303505,26.102366,地铁1号线
南门兜:,119.308023,26.084098,地铁1号线
白湖亭:,119.341683,26.031734,地铁1号线
三叉街:,119.332475,26.041288,地铁1号线
上藤:,119.32714,26.04947,地铁1号线
葫芦阵:,119.349999,26.023042,地铁1号线
黄山:,119.355346,26.015636,地铁1号线
三角埕:,119.375122,25.996869,地铁1号线
排下:,119.360233,26.007267,地铁1号线
胪雷:,119.386791,25.990761,地铁1号线
城门:,119.366622,26.002129,地铁1号线
福州火车南站:,119.396115,25.991743,地铁1号线
大沙东地铁站自行车租赁点:,113.464443,23.11188,广东省广州市黄埔区大沙东地铁站A口附近
鱼珠地铁站街市:,113.440319,23.106924,广东省广州市黄埔区蟹山西路67号(鱼珠商业广场附近)
广州地铁天河客运站:,113.350405,23.177059,广州市天河区
广州市公共自行车东圃地铁站租赁点:,113.407258,23.116481,车陂东圃二马路72号(别克安骅北)
大塘:,113.328478,23.084332,广东省广州市海珠区新滘中路
公共自行车坑口地铁站1:,113.240698,23.084534,广东省广州市荔湾区花地大道中86号
广州途家斯维登度假公寓大石地铁站:,113.327692,23.022676,广州市番禺区大石街新光快速路大石地铁站B出口We公馆
大沙地地铁站自行车租赁点:,113.451993,23.108415,港湾路与港湾路西二街交叉口北50米
广州遇邻邻公寓大石地铁站:,113.33577,23.012603,广州番禺区大石工业四路商铺52号敏捷华美国际8栋
镇龙北:,113.583992,23.294549,知识城线
旺村:,113.55874,23.328501,知识城线
汤村:,113.571234,23.313246,知识城线
镇龙:,113.598965,23.289785,知识城线
新和:,113.473332,23.41918,知识城线
红卫:,113.493217,23.40521,知识城线
新南:,113.501267,23.384279,知识城线
机场北(2号航站楼):,113.312769,23.40263,地铁3号线北延段
机场南(1号航站楼):,113.30939,23.392343,地铁3号线北延段
清布:,113.256894,23.384391,地铁9号线
莲塘:,113.251585,23.395517,地铁9号线
花城路:,113.22006,23.385615,地铁9号线
广州北站:,113.208547,23.382068,地铁9号线
花都广场:,113.229342,23.40691,地铁9号线
花果山公园:,113.224906,23.393124,地铁9号线
马鞍山公园:,113.244551,23.405071,地铁9号线
何棠下:,113.550144,23.337778,知识城线
知识城:,113.530631,23.356214,知识城线
枫下:,113.514389,23.369735,知识城线
人和:,113.302458,23.341556,地铁3号线北延段
高增:,113.30192,23.361277,地铁3号线北延段; 地铁9号线
龙归:,113.30738,23.294976,地铁3号线北延段
清塘:,113.26929,23.378378,地铁9号线
永泰:,113.31289,23.226309,地铁3号线北延段
白云大道北:,113.305064,23.228398,地铁3号线北延段
嘉禾望岗:,113.295105,23.243797,地铁2号线; 地铁3号线北延段
黄边:,113.29371,23.228138,地铁2号线
江夏:,113.289643,23.217573,地铁2号线
萧岗:,113.28681,23.204681,地铁2号线
花都汽车城:,113.186639,23.386049,地铁9号线
飞鹅岭:,113.161418,23.384468,地铁9号线
新沙:,113.657386,23.143256,地铁13号线
官湖:,113.640604,23.143703,地铁13号线
新塘:,113.611821,23.137938,地铁13号线
白江:,113.601535,23.127805,地铁13号线
沙村:,113.57735,23.116054,地铁13号线
香雪:,113.507439,23.178664,地铁6号线
萝岗:,113.488503,23.181238,地铁6号线
苏元:,113.474517,23.176355,地铁6号线
黄陂:,113.439609,23.194286,地铁6号线
暹岗:,113.46672,23.178157,地铁6号线
金峰:,113.457791,23.186772,地铁6号线
柯木塱:,113.402365,23.199766,地铁6号线
龙洞:,113.384183,23.197317,地铁6号线
高塘石:,113.416819,23.197275,地铁6号线
车陂:,113.401879,23.130747,地铁4号线
黄村:,113.413705,23.138551,地铁4号线
东圃:,113.40807,23.115747,地铁5号线
科韵路:,113.383954,23.12527,地铁5号线
车陂南:,113.396613,23.121955,地铁4号线; 地铁5号线
夏园:,113.524588,23.089392,地铁13号线
南岗:,113.548463,23.102067,地铁13号线
南海神庙:,113.503886,23.089571,地铁13号线
文冲:,113.4755,23.109485,地铁5号线
双岗:,113.482102,23.099853,地铁13号线
大沙东:,113.464838,23.111949,地铁5号线
大沙地:,113.452565,23.108855,地铁5号线
鱼珠:,113.438757,23.106087,地铁13号线; 地铁5号线
裕丰围:,113.461869,23.100147,地铁13号线
三溪:,113.422299,23.110237,地铁5号线
万胜围:,113.391201,23.103967,地铁4号线; 地铁8号线
官洲:,113.383236,23.073091,地铁4号线
大学城北:,113.391928,23.064522,地铁4号线
新造:,113.422056,23.034558,地铁4号线
大学城南:,113.406979,23.049726,地铁4号线; 地铁7号线
植物园:,113.372236,23.196087,地铁6号线
长湴:,113.355914,23.184202,地铁6号线
天河客运站:,113.35038,23.176465,地铁3号线; 地铁6号线
燕塘:,113.334043,23.166047,地铁3号线北延段; 地铁6号线
梅花园:,113.326945,23.181273,地铁3号线北延段
京溪南方医院:,113.332672,23.191003,地铁3号线北延段
同和:,113.332739,23.203049,地铁3号线北延段
天平架:,113.327912,23.165239,地铁6号线
员村:,113.37042,23.121549,地铁5号线
潭村:,113.35257,23.123061,地铁5号线
猎德:,113.338872,23.12434,地铁5号线
五山:,113.358452,23.158306,地铁3号线
华师:,113.351857,23.146269,地铁3号线
岗顶:,113.346151,23.14054,地铁3号线
石牌桥:,113.3382,23.13898,地铁3号线
海心沙:,113.330888,23.117287,APM线
体育中心南:,113.33019,23.139833,APM线
天河南:,113.330694,23.137095,APM线
黄埔大道:,113.330916,23.132683,APM线
妇儿中心:,113.331216,23.128275,APM线
花城大道:,113.331286,23.124833,APM线
大剧院:,113.331248,23.121341,APM线
林和西:,113.330347,23.147144,APM线; 地铁3号线北延段
五羊邨:,113.320796,23.12577,地铁5号线
动物园:,113.313797,23.140635,地铁5号线
淘金:,113.293138,23.142699,地铁5号线
黄花岗:,113.306513,23.147435,地铁6号线
珠江新城:,113.32769,23.125212,地铁3号线; 地铁5号线
烈士陵园:,113.292185,23.132935,地铁1号线
东山口:,113.302223,23.130338,地铁1号线; 地铁6号线
杨箕:,113.314681,23.133238,地铁1号线; 地铁5号线
体育西路:,113.328028,23.136921,地铁1号线; 地铁3号线; 地铁3号线北延段
体育中心:,113.334938,23.140742,地铁1号线
广州东站:,113.330834,23.155809,地铁1号线; 地铁3号线北延段
区庄:,113.303405,23.140194,地铁5号线; 地铁6号线
沙河顶:,113.31344,23.153135,地铁6号线
东湖:,113.295253,23.12151,地铁6号线
白云文化广场:,113.282019,23.196198,地铁2号线
白云公园:,113.277335,23.18798,地铁2号线
飞翔公园:,113.270096,23.17509,地铁2号线
三元里:,113.263705,23.165353,地铁2号线
浔峰岗:,113.208259,23.170073,地铁6号线
横沙:,113.213291,23.163816,地铁6号线
国际生态会议中心:,106.655561,26.651533,地铁1号线
阳关:,106.662226,26.644703,地铁1号线
新寨:,106.660815,26.635104,地铁1号线
林城西路:,106.624305,26.650934,地铁1号线
阅山湖公园:,106.614795,26.651793,地铁1号线
观山湖公园:,106.637116,26.650888,地铁1号线
老湾塘:,106.596739,26.654358,地铁1号线
下麦西:,106.586202,26.662067,地铁1号线
贵阳北站:,106.683026,26.625638,地铁1号线
白鹭湖:,106.668478,26.625788,地铁1号线
中国工商银行离行式自助服务区(黑龙江省分行营业部田地学府路地铁1医大二院站):,126.62219,45.703361,哈尔滨市南岗区学府路医大二院站
哈东站:,126.715685,45.795674,地铁1号线
桦树街:,126.704527,45.794198,地铁1号线
交通学院:,126.693539,45.793598,地铁1号线
工程大学:,126.675078,45.781398,地铁1号线
太平桥:,126.683869,45.789437,地铁1号线
烟厂:,126.662571,45.774549,地铁1号线
医大一院:,126.657218,45.769835,地铁1号线
博物馆:,126.650164,45.764157,地铁1号线
铁路局:,126.642443,45.75749,地铁1号线
哈工大:,126.634191,45.750663,地铁1号线
西大桥:,126.627482,45.744924,地铁1号线
理工大学:,126.618104,45.721207,地铁1号线
黑龙江大学:,126.619915,45.713395,地铁1号线
和兴路:,126.621815,45.738891,地铁1号线
学府路:,126.616213,45.728995,地铁1号线
医大二院:,126.622122,45.703593,地铁1号线; 地铁3号线
哈尔滨大街:,126.591771,45.707544,地铁3号线
哈尔滨西站:,126.58657,45.711836,地铁3号线
哈达:,126.62517,45.689414,地铁1号线
哈南站:,126.628062,45.676242,地铁1号线
哈西大街:,126.603036,45.701859,地铁3号线
文新:,120.104622,30.295617,地铁2号线
学院路:,120.1361,30.289028,地铁2号线
三坝:,120.104686,30.305556,地铁2号线
地铁翁梅站(s01):,120.301668,30.370023,浙江省杭州市余杭区S01(迎宾路)
临平:,120.310458,30.411241,地铁1号线
南苑:,120.309158,30.400765,地铁1号线
余杭高铁站:,120.304296,30.387667,地铁1号线
翁梅:,120.301669,30.37058,地铁1号线
乔司:,120.291822,30.352508,地铁1号线
乔司南:,120.297442,30.333252,地铁1号线
文海南路:,120.382613,30.317101,地铁1号线
下沙江滨:,120.388379,30.293801,地铁1号线
云水:,120.38832,30.30871,地铁1号线
文泽路:,120.354568,30.316353,地铁1号线
高沙路:,120.341548,30.315434,地铁1号线
金沙湖:,120.332051,30.315331,地铁1号线
下沙西:,120.31903,30.315692,地铁1号线
客运中心:,120.285099,30.316913,地铁1号线
九和路:,120.258817,30.31188,地铁1号线
七堡:,120.247567,30.306418,地铁1号线
九堡:,120.272801,30.313753,地铁1号线
钱江世纪城:,120.250409,30.246961,地铁2号线
飞虹路:,120.269223,30.237419,地铁2号线
盈丰路:,120.258706,30.243293,地铁2号线
墩祥街:,120.094094,30.337634,地铁2号线
金家渡:,120.090564,30.344981,地铁2号线
三墩:,120.099472,30.326194,地铁2号线
白洋:,120.079569,30.356972,地铁2号线
杜甫村:,120.063252,30.364585,地铁2号线
闸弄口:,120.198983,30.290182,地铁1号线
新风:,120.214181,30.29323,地铁4号线
新塘:,120.213806,30.28217,地铁4号线
彭埠:,120.229889,30.300276,地铁1号线; 地铁4号线
火车东站:,120.219653,30.297241,地铁1号线; 地铁4号线
沈塘桥:,120.156572,30.286526,地铁2号线
打铁关:,120.183435,30.290878,地铁1号线
西湖文化广场:,120.172287,30.285779,地铁1号线
市民中心:,120.217849,30.250909,地铁4号线
庆菱路:,120.199206,30.263452,地铁2号线
庆春广场:,120.21119,30.263495,地铁2号线
江锦路:,120.221898,30.255783,地铁4号线
城星路:,120.213466,30.245639,地铁4号线
婺江路:,120.197416,30.242686,地铁1号线
近江:,120.204085,30.236847,地铁1号线; 地铁4号线
景芳:,120.214247,30.27199,地铁4号线
钱江路:,120.22031,30.261726,地铁2号线; 地铁4号线
武林广场:,120.170951,30.278153,地铁1号线
建国北路:,120.187772,30.270222,地铁2号线
龙翔桥:,120.170581,30.260523,地铁1号线
城站:,120.187601,30.250136,地铁1号线
中河北路:,120.178684,30.270304,地铁2号线
武林门:,120.161663,30.276372,地铁2号线
凤起路:,120.170007,30.268763,地铁1号线; 地铁2号线
定安路:,120.174309,30.2517,地铁1号线
古翠路:,120.124223,30.288538,地铁2号线
丰潭路:,120.115771,30.288196,地铁2号线
虾龙圩:,120.102794,30.315567,地铁2号线
良渚:,120.049368,30.364811,地铁2号线
建设三路:,120.274743,30.210502,地铁2号线
建设一路:,120.273004,30.200097,地铁2号线
振宁路:,120.275784,30.223227,地铁2号线
滨康路:,120.237243,30.18992,地铁1号线
潘水:,120.274132,30.154968,地铁2号线
人民路:,120.273892,30.165441,地铁2号线
湘湖:,120.240724,30.17398,地铁1号线
人民广场:,120.273337,30.185923,地铁2号线
杭发厂:,120.273537,30.176938,地铁2号线
朝阳:,120.274632,30.128203,地铁2号线
曹家桥:,120.274374,30.140659,地铁2号线
江陵路:,120.223004,30.215452,地铁1号线
甬江路:,120.196603,30.229468,地铁4号线
西兴:,120.227211,30.193308,地铁1号线
滨和路:,120.224058,30.205784,地铁1号线
联庄:,120.158288,30.191808,地铁4号线
复兴路:,120.169695,30.215756,地铁4号线
水澄桥:,120.158628,30.210371,地铁4号线
南星桥:,120.184267,30.22298,地铁4号线
浦沿:,120.159689,30.165958,地铁4号线
中医药大学:,120.152826,30.181991,地铁4号线
杨家墩:,120.15537,30.173894,地铁4号线
三十埠:,117.403678,31.874913,地铁2号线
王岗:,117.395908,31.875013,地铁2号线
龙岗:,117.382974,31.874675,地铁2号线
东二十埠:,117.373744,31.874629,地铁2号线
东七里:,117.344695,31.873832,地铁2号线
漕冲:,117.357542,31.874316,地铁2号线
包公园:,117.308053,31.862032,地铁1号线
东五里井:,117.330466,31.873609,地铁2号线
长淮:,117.315762,31.881251,地铁1号线
大东门:,117.307343,31.869802,地铁1号线; 地铁2号线
明光路:,117.311287,31.875701,地铁1号线
四牌楼:,117.29686,31.867354,地铁2号线
合肥火车站:,117.322131,31.889231,地铁1号线
三里街:,117.320373,31.873325,地铁2号线
三孝口:,117.282068,31.86712,地铁2号线
安农大:,117.27198,31.864232,地铁2号线
三里庵:,117.262084,31.860793,地铁2号线
秋浦河路:,117.308575,31.82869,地铁1号线
朱岗:,117.307936,31.837816,地铁1号线
合工大南区:,117.307182,31.853222,地铁1号线
葛大店:,117.309806,31.820215,地铁1号线
五里墩:,117.248038,31.857509,地铁2号线
科学大道:,117.215317,31.861923,地铁2号线
十里庙:,117.229429,31.861258,地铁2号线
西七里塘:,117.237361,31.858783,地铁2号线
天柱路:,117.205026,31.859979,地铁2号线
振兴路:,117.158924,31.857078,地铁2号线
蜀山西:,117.175176,31.857089,地铁2号线
大蜀山:,117.193411,31.85793,地铁2号线
桂庄:,117.133145,31.857225,地铁2号线
汽车西站:,117.142353,31.857179,地铁2号线
南岗:,117.121898,31.857095,地铁2号线
高王:,117.298073,31.778655,地铁1号线
合肥南站:,117.297001,31.804752,地铁1号线
南站南广场:,117.29853,31.798292,地铁1号线
骆岗:,117.298065,31.789183,地铁1号线
望湖城:,117.298685,31.811409,地铁1号线
塘西河公园:,117.30915,31.737311,地铁1号线
滨湖会展中心:,117.309517,31.760239,地铁1号线
金斗公园:,117.309402,31.728848,地铁1号线
紫庐:,117.309528,31.746766,地铁1号线
丙子铺:,117.304171,31.697148,地铁1号线
万年埠:,117.308538,31.704101,地铁1号线
云谷路:,117.309068,31.718808,地铁1号线
九联圩:,117.292773,31.697136,地铁1号线
万达城:,117.308628,31.711451,地铁1号线
机场中心:,102.934276,25.101781,地铁6号线
机场前:,102.920012,25.090944,地铁6号线
大板桥:,102.882749,25.059263,地铁6号线
北部汽车站:,102.770117,25.113111,地铁2号线
霖雨桥:,102.745575,25.099453,地铁2号线
龙头街:,102.760268,25.117859,地铁2号线
羊肠村:,102.748656,25.107636,地铁2号线
司家营:,102.752099,25.115744,地铁2号线
白云路:,102.73034,25.072537,地铁2号线
北辰:,102.739023,25.087404,地铁2号线
穿心鼓楼:,102.725817,25.05583,地铁2号线
交三桥:,102.725882,25.049022,地铁2号线
火车北站:,102.726855,25.062137,地铁2号线
潘家湾:,102.702028,25.049706,地铁3号线
金星:,102.734036,25.082136,地铁2号线
西苑:,102.673157,25.051621,地铁3号线
梁家河:,102.684291,25.050922,地铁3号线
昌源中路:,102.663643,25.052325,地铁3号线
市体育馆:,102.694836,25.050487,地铁3号线
东部汽车站:,102.795195,25.041893,地铁3号线; 地铁6号线
大树营:,102.74794,25.04291,地铁3号线
金马寺:,102.758011,25.041775,地铁3号线
虹桥:,102.779812,25.041899,地铁3号线
太平村:,102.767388,25.042127,地铁3号线
星耀路:,102.774673,24.96282,地铁1号线
珥季路:,102.773447,24.978528,地铁1号线
晓东村:,102.768529,24.991321,地铁1号线
昌宏西路:,102.757573,24.992279,地铁1号线
巫家坝:,102.748096,25.003215,地铁1号线
拓东体育馆:,102.736389,25.044435,地铁3号线
昆明火车站:,102.730191,25.019725,地铁1号线
环城南路:,102.727237,25.030848,地铁1号线; 地铁2号线
塘子巷:,102.726414,25.038655,地铁2号线
福德:,102.736805,25.013173,地铁1号线
东风广场:,102.725871,25.044484,地铁2号线; 地铁3号线
五一路:,102.712295,25.043487,地铁3号线
日新路:,102.741443,25.007627,地铁1号线
驼峰街:,102.835856,24.878904,地铁1号线
市级行政中心清风:,102.842587,24.888373,地铁1号线支线
昆明南火车站:,102.866706,24.877088,地铁1号线支线
白龙潭:,102.858405,24.880891,地铁1号线支线
宜和路:,102.85142,24.891002,地铁1号线支线
大学城:,102.84885,24.842419,地铁1号线
谊康南路:,102.844754,24.853924,地铁1号线
联大街:,102.840453,24.866055,地铁1号线
大学城南:,102.832305,24.828304,地铁1号线
南部汽车站:,102.781807,24.934783,地铁1号线
新亚洲体育城:,102.776209,24.952862,地铁1号线
斗南:,102.798428,24.913989,地铁1号线
春融街:,102.831834,24.890215,地铁1号线; 地铁1号线支线
眠山:,102.655813,25.052912,地铁3号线
石咀:,102.635931,25.024015,地铁3号线
普坪村:,102.627639,25.01137,地铁3号线
大渔路:,102.642223,25.03383,地铁3号线
西部汽车站:,102.645348,25.041399,地铁3号线
西山公园:,102.624468,24.990294,地铁3号线
车家壁:,102.622133,25.000509,地铁3号线
长江路地铁站b口公共自行车租赁点:,115.886554,28.722752,江西省南昌市青山湖区长江路地铁站南60米
奥体中心:,116.03104,28.680776,轨道交通1号线
瑶湖西:,116.044509,28.678789,轨道交通1号线
太子殿:,116.01723,28.680998,轨道交通1号线
双港:,115.867222,28.748657,轨道交通1号线
艾溪湖西:,115.980624,28.680126,轨道交通1号线
艾溪湖东:,115.999861,28.680398,轨道交通1号线
高新大道:,115.967034,28.680165,轨道交通1号线
师大南路:,115.930588,28.680441,轨道交通1号线
彭家桥:,115.939657,28.680404,轨道交通1号线
青山湖大道:,115.955636,28.680359,轨道交通1号线
谢家村:,115.947274,28.680398,轨道交通1号线
长江路:,115.886253,28.723446,轨道交通1号线
庐山南大道:,115.871905,28.706792,轨道交通1号线
卫东:,115.855503,28.696596,轨道交通1号线
珠江路:,115.882585,28.713467,轨道交通1号线
绿茵路:,115.864566,28.703212,轨道交通1号线
孔目湖:,115.864698,28.738524,轨道交通1号线
丁公路北:,115.920113,28.680262,轨道交通1号线
滕王阁:,115.883814,28.67877,轨道交通1号线
万寿宫:,115.892378,28.680999,轨道交通1号线
八一广场:,115.909604,28.681647,轨道交通1号线
八一馆:,115.898264,28.681604,轨道交通1号线
学府大道东:,115.845604,28.665026,轨道交通2号线
秋水广场:,115.866626,28.686676,轨道交通1号线
前湖大道:,115.841472,28.65783,轨道交通2号线
翠苑路:,115.85326,28.678241,轨道交通2号线
地铁大厦:,115.859004,28.689974,轨道交通1号线; 轨道交通2号线
南昌西站:,115.800348,28.630537,轨道交通2号线
国体中心:,115.823254,28.628558,轨道交通2号线
龙岗:,115.80922,28.62948,轨道交通2号线
岭北:,115.836675,28.646869,轨道交通2号线
国博:,115.801896,28.614623,轨道交通2号线
西站南广场:,115.796374,28.623924,轨道交通2号线
卧龙山:,115.828825,28.637708,轨道交通2号线
九龙湖南:,115.799816,28.586153,轨道交通2号线
市民中心:,115.802638,28.599854,轨道交通2号线
生米:,115.797364,28.578319,轨道交通2号线
鹰潭街:,115.805584,28.605348,轨道交通2号线
大岗:,115.795756,28.566835,轨道交通2号线
南路:,115.795633,28.559044,轨道交通2号线
龙江:,118.746385,32.06369,地铁4号线
10号线奥体中心站5:,118.724452,32.015067,江苏省南京市建邺区乐山路180号
10号线奥体中心站4:,118.724155,32.014691,江苏省南京市建邺区乐山路180号
南京夫子庙地铁站复式分店:,118.793001,32.028701,南京南京秦淮区建康路50号自由生活馆206室
金牛湖:,118.970654,32.470861,地铁S8号线
八百桥:,118.939642,32.433298,地铁S8号线
沈桥:,118.898164,32.405959,地铁S8号线
凤凰山公园:,118.851749,32.352723,地铁S8号线
方州广场:,118.856496,32.364841,地铁S8号线
雄州:,118.843307,32.340535,地铁S8号线
仙林湖:,118.999339,32.131236,地铁4号线
南大仙林校区:,118.965855,32.114626,地铁2号线
经天路:,118.983258,32.121835,地铁2号线
孟北:,118.994038,32.09,地铁4号线
东流:,118.971221,32.08295,地铁4号线
西岗桦墅:,119.003201,32.104645,地铁4号线
学则路:,118.923278,32.097712,地铁2号线
仙林中心:,118.936854,32.105107,地铁2号线
羊山公园:,118.946532,32.110063,地铁2号线
灵山:,118.950408,32.083714,地铁4号线
汇通路:,118.937907,32.08436,地铁4号线
仙鹤门:,118.911331,32.091148,地铁2号线
徐庄·苏宁总部:,118.895646,32.090637,地铁4号线
蒋王庙:,118.837644,32.083553,地铁4号线
王家湾:,118.84452,32.091105,地铁4号线
聚宝山:,118.871195,32.099163,地铁4号线
钟灵街:,118.87598,32.044872,地铁2号线
马群:,118.901053,32.055735,地铁2号线
金马路:,118.912435,32.077817,地铁2号线; 地铁4号线
苜蓿园:,118.841625,32.045951,地铁2号线
下马坊:,118.855049,32.043208,地铁2号线
孝陵卫:,118.864929,32.041124,地铁2号线
南京交院:,118.911077,31.919259,地铁1号线
南医大·江苏经贸学院:,118.896598,31.939698,地铁1号线
龙眠大道:,118.883576,31.945734,地铁1号线
天印大道:,118.870062,31.943381,地铁1号线
竹山路:,118.851119,31.937686,地铁1号线
小龙湾:,118.839381,31.935698,地铁1号线
诚信大道:,118.836362,31.914045,地铁3号线
中国药科大学:,118.920491,31.904084,地铁1号线
秣周东路:,118.837793,31.875925,地铁3号线
东大九龙湖校区:,118.837039,31.902058,地铁3号线
卧龙湖:,119.049717,31.692679,地铁S7号线
群力:,119.020765,31.727229,地铁S7号线
中山湖:,119.051716,31.65312,地铁S7号线
溧水:,119.050992,31.668603,地铁S7号线
空港新城溧水:,118.995988,31.739352,地铁S7号线
柘塘:,118.943302,31.762977,地铁S7号线
翔宇路北:,118.828127,31.797827,地铁S1号线
禄口机场:,118.879802,31.736139,地铁S1号线
空港新城江宁:,118.894093,31.743628,地铁S1号线; 地铁S7号线
翔宇路南:,118.835633,31.760841,地铁S1号线; 地铁S9号线
铜山:,118.887904,31.70215,地铁S9号线
石湫:,118.913801,31.646674,地铁S9号线
龙池:,118.826863,32.325218,地铁S8号线
六合开发区:,118.811502,32.311537,地铁S8号线
化工园:,118.792126,32.291846,地铁S8号线
长芦:,118.783179,32.279629,地铁S8号线
葛塘:,118.760248,32.250244,地铁S8号线
大厂:,118.746646,32.234617,地铁S8号线
卸甲甸:,118.737302,32.220426,地铁S8号线
信息工程大学:,118.733642,32.208535,地铁S8号线
高新开发区:,118.726222,32.183669,地铁S8号线
林场:,118.67778,32.169947,地铁3号线
天润城:,118.740599,32.156536,地铁3号线
柳洲东路:,118.752849,32.145776,地铁3号线
新模范马路:,118.790488,32.086151,地铁1号线
红山动物园:,118.808457,32.102101,地铁1号线
迈皋桥:,118.816053,32.108986,地铁1号线
南京站:,118.802629,32.094062,地铁1号线; 地铁3号线
小市:,118.791834,32.101609,地铁3号线
南京林业大学·新庄:,118.816707,32.083033,地铁3号线
五塘广场:,118.784105,32.116682,地铁3号线
上元门:,118.776209,32.121777,地铁3号线
东大成贤学院:,118.714479,32.162498,地铁3号线
泰冯路:,118.724986,32.159761,地铁3号线; 地铁S8号线
泰山新村:,118.722553,32.150572,地铁S8号线
星火路:,118.703324,32.16376,地铁3号线
九华山:,118.812338,32.063688,地铁4号线
西安门:,118.812128,32.046538,地铁2号线
明故宫:,118.825883,32.045374,地铁2号线
张府园:,118.790427,32.03722,地铁1号线
新街口:,118.790611,32.047616,地铁1号线; 地铁2号线
珠江路:,118.790662,32.057327,地铁1号线
玄武门:,118.790617,32.076336,地铁1号线
岗子村:,118.822102,32.071958,地铁4号线
鼓楼:,118.789995,32.06507,地铁1号线; 地铁4号线
大行宫:,118.801217,32.047738,地铁2号线; 地铁3号线
浮桥:,118.802703,32.055384,地铁3号线
常府街:,118.798819,32.04028,地铁3号线
鸡鸣寺:,118.804167,32.063699,地铁3号线; 地铁4号线
云锦路:,118.753993,32.04072,地铁2号线
莫愁湖:,118.765318,32.043515,地铁2号线
汉中门:,118.77355,32.048671,地铁2号线
上海路:,118.782521,32.048316,地铁2号线
云南路:,118.781166,32.065189,地铁4号线
草场门·二师·南艺:,118.762393,32.06622,地铁4号线
三山街:,118.788135,32.029064,地铁1号线
雨花门:,118.798687,32.010262,地铁3号线
卡子门:,118.801805,32.001921,地铁3号线
武定门:,118.801055,32.02007,地铁3号线
大明路:,118.80644,31.992419,地铁3号线
夫子庙:,118.797497,32.030031,地铁3号线
兴隆大街:,118.742628,32.021183,地铁2号线
集庆门大街:,118.746134,32.034166,地铁2号线
中华门:,118.781161,32.013023,地铁1号线
安德门:,118.768408,31.997111,地铁10号线; 地铁1号线
江心洲:,118.710073,32.038541,地铁10号线
临江:,118.671513,32.063605,地铁10号线
南京工业大学:,118.654624,32.072823,地铁10号线
浦口万汇城:,118.663124,32.06809,地铁10号线
奥体东:,118.735757,32.010439,地铁2号线
奥体中心:,118.724648,32.014641,地铁10号线
元通:,118.728019,32.001636,地铁10号线; 地铁2号线
中胜:,118.740078,31.993863,地铁10号线
绿博园:,118.723864,32.030042,地铁10号线
梦都大街:,118.728496,32.021622,地铁10号线
龙华路:,118.641906,32.07041,地铁10号线
文德路:,118.633406,32.063193,地铁10号线
雨山路:,118.62186,32.050221,地铁10号线
明发广场:,118.806952,31.983521,地铁3号线
胜太路:,118.828062,31.94997,地铁1号线
河定桥:,118.82664,31.958253,地铁1号线
双龙大道:,118.823612,31.970204,地铁1号线
花神庙:,118.792022,31.984143,地铁1号线
翠屏山:,118.7911,31.948794,地铁S1号线
宏运大道:,118.810187,31.965824,地铁3号线
胜太西路:,118.813803,31.950348,地铁3号线
南京南站:,118.803821,31.976095,地铁1号线; 地铁3号线; 地铁S1号线; 地铁S3号线
景明佳园:,118.785209,31.96838,地铁S3号线
软件大道:,118.781038,31.98327,地铁1号线
天隆寺:,118.769449,31.985103,地铁1号线
春江路:,118.755035,31.968171,地铁S3号线
铁心桥:,118.770196,31.970366,地铁S3号线
小行:,118.750965,31.988061,地铁10号线
贾西:,118.740464,31.964989,地铁S3号线
河海大学·佛城西路:,118.797749,31.920594,地铁S1号线
朝阳广场:,108.327298,22.823167,地铁1号线; 地铁2号线
火车站:,108.323012,22.830425,地铁1号线; 地铁2号线
秀厢:,108.313249,22.854245,地铁2号线
西津:,108.305014,22.894907,地铁2号线
三十三中:,108.308772,22.863754,地铁2号线
苏卢:,108.306018,22.874708,地铁2号线
安吉客运站:,108.304201,22.884235,地铁2号线
百花岭:,108.434557,22.823936,地铁1号线
凤岭:,108.416596,22.81893,地铁1号线
埌东客运站:,108.425564,22.818659,地铁1号线
佛子岭:,108.431351,22.837621,地铁1号线
火车东站:,108.41991,22.845366,地铁1号线
会展中心:,108.39018,22.818898,地铁1号线
南湖:,108.369943,22.820011,地铁1号线
万象城:,108.398112,22.81906,地铁1号线
东盟商务区:,108.405577,22.819207,地铁1号线
金湖广场:,108.378872,22.819124,地铁1号线
民族广场:,108.342829,22.819123,地铁1号线
麻村:,108.353825,22.819273,地铁1号线
新民路:,108.334368,22.819006,地铁1号线
白苍岭:,108.313751,22.836802,地铁1号线
鲁班路:,108.28982,22.839842,地铁1号线
明秀路:,108.318952,22.84557,地铁2号线
南宁剧场:,108.320465,22.81031,地铁2号线
广西大学:,108.298948,22.836869,地铁1号线
福建园:,108.317871,22.800644,地铁2号线
亭洪路:,108.318005,22.794615,地铁2号线
大沙田:,108.323318,22.766691,地铁2号线
石柱岭:,108.318025,22.786126,地铁2号线
江南客运站:,108.31863,22.772353,地铁2号线
玉洞:,108.343126,22.728652,地铁2号线
石子塘:,108.329331,22.748457,地铁2号线
金象:,108.338716,22.737401,地铁2号线
建设路:,108.324807,22.758393,地铁2号线
清川:,108.259413,22.846453,地铁1号线
民族大学:,108.239461,22.84363,地铁1号线
动物园:,108.274127,22.843838,地铁1号线
南职院:,108.198895,22.83875,地铁1号线
鹏飞路:,108.208802,22.838833,地铁1号线
西乡塘客运站:,108.227557,22.839132,地铁1号线
石埠:,108.184278,22.832331,地铁1号线
霞浦:,121.86423,29.895931,地铁1号线
长江路:,121.850232,29.896638,地铁1号线
中河路:,121.835818,29.899878,地铁1号线
大碶:,121.801153,29.899863,地铁1号线
松花江路:,121.815202,29.910751,地铁1号线
清水浦:,121.667399,29.927915,地铁2号线
宁波大学:,121.641548,29.91732,地铁2号线
邬隘:,121.788538,29.880814,地铁1号线
宝幢:,121.740257,29.845237,地铁1号线
五乡:,121.696473,29.844877,地铁1号线
邱隘东:,121.667845,29.852756,地铁1号线
盛莫路:,121.643057,29.862235,地铁1号线
东环南路:,121.657235,29.858918,地铁1号线
三官堂:,121.627705,29.917367,地铁2号线
路林:,121.619113,29.914579,地铁2号线
孔浦:,121.598485,29.910349,地铁2号线
倪家堰:,121.573261,29.904834,地铁2号线
正大路:,121.568541,29.896341,地铁2号线
外滩大桥:,121.565298,29.889639,地铁2号线
压赛堰:,121.582237,29.909782,地铁2号线
大通桥:,121.588399,29.909642,地铁2号线
泽民:,121.527703,29.884557,地铁1号线
望春桥:,121.515341,29.887644,地铁1号线
高桥:,121.470585,29.90766,地铁1号线
徐家漕长乐:,121.503478,29.893286,地铁1号线
梁祝:,121.483368,29.900692,地铁1号线
芦港:,121.493924,29.895988,地铁1号线
高桥西:,121.460156,29.917056,地铁1号线
世纪大道:,121.608603,29.864574,地铁1号线
福庆北路:,121.630953,29.864412,地铁1号线
福明路:,121.599505,29.866901,地铁1号线
海晏北路:,121.621287,29.86593,地铁1号线
东门口(天一广场):,121.56221,29.877592,地铁1号线
舟孟北路:,121.580387,29.873509,地铁1号线
樱花公园:,121.587685,29.870428,地铁1号线
城隍庙:,121.555259,29.873796,地铁2号线
江厦桥东:,121.571461,29.875734,地铁1号线
鼓楼:,121.555797,29.879997,地铁1号线; 地铁2号线
藕池:,121.519002,29.847269,地铁2号线
宁波火车站:,121.543592,29.868329,地铁2号线
客运中心:,121.518982,29.856633,地铁2号线
西门口:,121.545999,29.881237,地铁1号线
大卿桥:,121.538602,29.882567,地铁1号线
丽园南路:,121.524458,29.864294,地铁2号线
云霞路:,121.53289,29.864605,地铁2号线
石碶:,121.51039,29.830986,地铁2号线
轻纺城:,121.520592,29.837405,地铁2号线
鄞州大道:,121.502924,29.824088,地铁2号线
栎社国际机场:,121.467256,29.824003,地铁2号线
栎社:,121.490082,29.815291,地铁2号线
钱谷山:,120.766565,36.484938,地铁11号线
臧村:,120.737808,36.474025,地铁11号线
皋虞:,120.716714,36.47044,地铁11号线
温泉东:,120.710288,36.45092,地铁11号线
水泊:,120.686832,36.411954,地铁11号线
蓝色硅谷:,120.685606,36.391048,地铁11号线
博览中心:,120.71124,36.427916,地铁11号线
山东大学:,120.685078,36.374873,地铁11号线
鳌山卫:,120.667182,36.354452,地铁11号线
浦里:,120.634574,36.312295,地铁11号线
庙石:,120.612106,36.290614,地铁11号线
北九水:,120.565418,36.244379,地铁11号线
北宅:,120.541317,36.219294,地铁11号线
世博园:,120.517898,36.191512,地铁11号线
海洋大学:,120.501069,36.171316,地铁11号线
君峰路:,120.421654,36.170206,地铁3号线
振华路:,120.412553,36.174935,地铁3号线
李村公园:,120.432611,36.173487,地铁2号线
枯桃:,120.493383,36.154379,地铁11号线
张村:,120.49194,36.147389,地铁11号线
辽阳东路:,120.456569,36.123419,地铁2号线
青岛科大:,120.49163,36.130614,地铁11号线
华楼山路:,120.446258,36.15545,地铁2号线
枣山路:,120.440049,36.159624,地铁2号线
东韩:,120.448503,36.134028,地铁2号线
海尔路:,120.429739,36.142577,地铁3号线
李村:,120.431868,36.164922,地铁2号线; 地铁3号线
万年泉路:,120.43433,36.153568,地铁3号线
地铁大厦:,120.421332,36.13662,地铁3号线
海安路:,120.457656,36.092313,地铁2号线
会展中心:,120.480732,36.10939,地铁11号线
石老人浴场:,120.470905,36.09951,地铁2号线
青岛二中:,120.487084,36.116839,地铁11号线
苗岭路:,120.471451,36.106832,地铁11号线; 地铁2号线
同安路:,120.461671,36.117573,地铁2号线
海川路:,120.449868,36.08233,地铁2号线
海游路:,120.441218,36.077523,地铁2号线
高雄路:,120.417538,36.071851,地铁2号线
麦岛:,120.430438,36.072076,地铁2号线
永平路:,120.400102,36.178237,地铁3号线
青岛北站:,120.38569,36.176327,地铁3号线
长沙路:,120.409258,36.126316,地铁3号线
江西路:,120.39472,36.079773,地铁3号线
双山:,120.403484,36.119838,地铁3号线
敦化路:,120.391798,36.095431,地铁3号线
错埠岭:,120.391962,36.101942,地铁3号线
宁夏路:,120.392117,36.087864,地铁3号线
清江路:,120.393482,36.112702,地铁3号线
浮山所:,120.396527,36.071735,地铁2号线
五四广场:,120.38699,36.071025,地铁2号线; 地铁3号线
芝泉路:,120.374779,36.076233,地铁2号线
燕儿岛路:,120.408267,36.070744,地铁2号线
延安三路:,120.38035,36.067175,地铁3号线
人民会堂:,120.33635,36.065972,地铁3号线
中山公园:,120.357778,36.064896,地铁3号线
汇泉广场:,120.349575,36.06578,地铁3号线
太平角公园:,120.365796,36.060021,地铁3号线
青岛站:,120.321675,36.069219,地铁3号线
申崇6线B线:,121.595149,31.308281,浦东新区
一嗨租车(华夏东路地铁站送车点):,121.687585,31.203749,华东路和华夏东路交叉口东南侧50米
地铁三号线张华浜站:,121.505237,31.364071,上海市宝山区
地铁1号线(富锦路-莘庄):,121.431023,31.39867,上海市宝山区蕰川路2422号-104室
AED(浦东新区龙阳路地铁站):,121.563496,31.209628,地铁2号线站厅层西侧付费区内7号线去往2号线站台楼梯旁
莘庄综合交通枢纽:,121.393927,31.11483,上海市闵行区莘庄水清南路江南苑附近(百盛莘庄店北)
AED(迪士尼地铁站):,121.674362,31.147656,迪士尼地铁站站厅层服务中心旁侧
4号线:,121.52565,31.215135,上海市浦东新区浦建路15号
AED(康新公路地铁站):,121.624145,31.136167,康新公路地铁站(前往嘉定北方向站台层无障碍电梯口)
中国邮政储蓄银行ATM:,121.236987,31.090762,上海市松江区洞泾镇嘉松南路佘山半岛假日酒店公寓
远东大道:,121.762161,31.2052,地铁2号线东延伸段
曹路:,121.689449,31.277549,地铁9号线
民雷路:,121.674609,31.274649,地铁9号线
金海路:,121.64549,31.269485,地铁12号线; 地铁9号线
顾唐路:,121.663,31.272188,地铁9号线
华夏东路:,121.687294,31.203168,地铁2号线东延伸段
唐镇:,121.662625,31.219828,地铁2号线东延伸段
创新中路:,121.680356,31.219787,地铁2号线东延伸段
海天三路:,121.803224,31.174953,地铁2号线东延伸段
凌空路:,121.730308,31.198595,地铁2号线东延伸段
浦东国际机场:,121.812652,31.156503,磁悬浮; 地铁2号线东延伸段
川沙:,121.704499,31.192886,地铁2号线东延伸段
迪士尼:,121.674752,31.147665,地铁11号线
迪士尼:,121.674752,31.147665,地铁11号线
书院:,121.85722,30.965002,地铁16号线
惠南东:,121.800261,31.032886,地铁16号线
惠南:,121.768452,31.059659,地铁16号线
野生动物园:,121.706186,31.056406,地铁16号线
新场:,121.655259,31.051489,地铁16号线
水产路:,121.494702,31.387092,地铁3号线
宝杨路:,121.486126,31.401287,地铁3号线
友谊路:,121.48254,31.40993,地铁3号线
铁力路:,121.467842,31.414309,地铁3号线
航津路:,121.600539,31.341305,地铁6号线
外高桥保税区北:,121.593445,31.353883,地铁6号线
港城路:,121.581148,31.359297,地铁6号线
外高桥保税区南:,121.608663,31.327228,地铁6号线
东靖路:,121.595327,31.296804,地铁6号线
五洲大道:,121.595846,31.308625,地铁6号线
洲海路:,121.595922,31.318355,地铁6号线
新江湾城:,121.513188,31.334451,地铁10号线
长江南路:,121.498185,31.337669,地铁3号线
淞发路:,121.50714,31.350804,地铁3号线
张华浜:,121.505376,31.363646,地铁3号线
淞滨路:,121.499387,31.376563,地铁3号线
国权路:,121.516744,31.295351,地铁10号线
五角场:,121.521191,31.303805,地铁10号线
江湾体育场:,121.520633,31.308746,地铁10号线
三门路:,121.514701,31.318613,地铁10号线
殷高东路:,121.513177,31.327743,地铁10号线
延吉中路:,121.541405,31.294724,地铁8号线
黄兴公园:,121.539677,31.301934,地铁8号线
翔殷路:,121.538472,31.311024,地铁8号线
嫩江路:,121.538559,31.320923,地铁8号线
市光路:,121.538527,31.328516,地铁8号线
大柏树:,121.489614,31.295096,地铁3号线
江湾镇:,121.491636,31.311153,地铁3号线
殷高西路:,121.49148,31.325555,地铁3号线
江杨北路:,121.446217,31.414218,地铁3号线
友谊西路:,121.434336,31.387741,地铁1号线
富锦路:,121.43103,31.398683,地铁1号线
美兰湖:,121.356426,31.407853,地铁7号线
罗南新村:,121.364185,31.394383,地铁7号线
通河新村:,121.447817,31.337798,地铁1号线
呼兰路:,121.444185,31.345991,地铁1号线
共富新村:,121.440458,31.361557,地铁1号线
宝安公路:,121.437357,31.376207,地铁1号线
顾村公园:,121.379313,31.350576,地铁7号线
大场镇:,121.422947,31.29971,地铁7号线
行知路:,121.428059,31.291225,地铁7号线
汶水路:,121.45656,31.298815,地铁1号线
彭浦新村:,121.455097,31.312943,地铁1号线
共康路:,121.453464,31.325355,地铁1号线
祁华路:,121.38016,31.328108,地铁7号线
上海大学:,121.395296,31.326259,地铁7号线
南陈路:,121.405224,31.327224,地铁7号线
上大路:,121.414775,31.321458,地铁7号线
场中路:,121.420161,31.309963,地铁7号线
刘行:,121.368889,31.363427,地铁7号线
潘广路:,121.362293,31.370198,地铁7号线
南翔:,121.329747,31.303357,地铁11号线
南翔:,121.329747,31.303357,地铁11号线
嘉定西:,121.234404,31.383236,地铁11号线
嘉定北:,121.24401,31.397409,地铁11号线
嘉定新城:,121.26104,31.335744,地铁11号线
嘉定新城:,121.26104,31.335744,地铁11号线
白银路:,121.251801,31.351371,地铁11号线
上海赛车场:,121.232625,31.337944,地铁11号线
上海赛车场:,121.232625,31.337944,地铁11号线
马陆:,121.28343,31.325402,地铁11号线
马陆:,121.28343,31.325402,地铁11号线
昌吉东路:,121.206771,31.29994,地铁11号线
昌吉东路:,121.206771,31.29994,地铁11号线
上海汽车城:,121.18725,31.291581,地铁11号线
安亭:,121.168602,31.294335,地铁11号线
上海汽车城:,121.18725,31.291581,地铁11号线
安亭:,121.168602,31.294335,地铁11号线
金吉路:,121.634401,31.26994,地铁9号线
台儿庄路:,121.603984,31.258705,地铁9号线
金桥:,121.619064,31.266889,地铁9号线
申江路:,121.633793,31.285855,地铁12号线
金京路:,121.622205,31.285413,地铁12号线
杨高北路:,121.609423,31.285853,地铁12号线
复兴岛:,121.567839,31.28718,地铁12号线
北洋泾路:,121.559229,31.245588,地铁6号线
德平路:,121.570573,31.251659,地铁6号线
云山路:,121.579314,31.256659,地铁6号线
金桥路:,121.588374,31.263292,地铁6号线
博兴路:,121.593414,31.270058,地铁6号线
五莲路:,121.59454,31.278007,地铁6号线
蓝天路:,121.584168,31.247521,地铁9号线
东陆路:,121.585248,31.288712,地铁12号线
巨峰路:,121.595529,31.286432,地铁12号线; 地铁6号线
爱国路:,121.559427,31.286351,地铁12号线
金科路:,121.608557,31.209932,地铁2号线
广兰路:,121.627179,31.216703,地铁2号线; 地铁2号线东延伸段
杨高中路:,121.555022,31.233791,地铁9号线
花木路:,121.569227,31.21757,地铁7号线
世纪公园:,121.557176,31.215933,地铁2号线
张江高科:,121.594061,31.207879,地铁2号线
芳甸路:,121.56462,31.237704,地铁9号线
龙阳路:,121.56405,31.209166,磁悬浮; 地铁16号线; 地铁2号线; 地铁7号线
同济大学:,121.51305,31.288214,地铁10号线
提篮桥:,121.51328,31.259141,地铁12号线
隆昌路:,121.550831,31.281348,地铁12号线
鞍山新村:,121.516066,31.278922,地铁8号线
江浦路:,121.524804,31.280818,地铁8号线
黄兴路:,121.534441,31.284573,地铁8号线
浦东大道:,121.526013,31.245796,地铁4号线
杨树浦路:,121.523944,31.257681,地铁4号线
宁国路:,121.539069,31.274769,地铁12号线
江浦公园:,121.530286,31.270507,地铁12号线
大连路:,121.519576,31.263723,地铁12号线; 地铁4号线
四川北路:,121.490774,31.257732,地铁10号线
邮电新村:,121.500859,31.274187,地铁10号线
中兴路:,121.475411,31.259035,地铁8号线
西藏北路:,121.47525,31.2694,地铁8号线
曲阳路:,121.497039,31.282122,地铁8号线
四平路:,121.50817,31.280778,地铁10号线; 地铁8号线
临平路:,121.507604,31.26658,地铁4号线
海伦路:,121.495445,31.264649,地铁10号线; 地铁4号线
宝山路:,121.48291,31.257393,地铁3号线; 地铁4号线
东宝兴路:,121.486639,31.265746,地铁3号线
虹口足球场:,121.485807,31.276632,地铁3号线; 地铁8号线
赤峰路:,121.48899,31.287038,地铁3号线
中山北路:,121.465616,31.265275,地铁1号线
国际客运中心:,121.504856,31.255835,地铁12号线
汉中路:,121.46524,31.247193,地铁12号线; 地铁13号线; 地铁1号线
曲阜路:,121.478011,31.248303,地铁12号线; 地铁8号线
天潼路:,121.488783,31.250088,地铁10号线; 地铁12号线
启工街:,123.349392,41.810038,地铁1号线
蒲河路:,123.415138,41.952461,地铁2号线
蒲田路:,123.412237,41.962298,地铁2号线
人杰湖公园:,123.404466,41.942522,地铁2号线
辽宁大学:,123.400737,41.935345,地铁2号线
医学院:,123.422275,41.89192,地铁2号线
航空航天大学:,123.409964,41.923308,地铁2号线
师范大学:,123.416029,41.912898,地铁2号线
中医药大学:,123.435697,41.839585,地铁2号线
北陵公园:,123.430783,41.844992,地铁2号线
新乐遗址:,123.425621,41.853334,地铁2号线
陵西:,123.4248,41.861323,地铁2号线
三台子:,123.423841,41.874095,地铁2号线
滂江街:,123.494855,41.815028,地铁1号线
黎明广场:,123.510749,41.814327,地铁1号线
金融中心:,123.444703,41.817336,地铁2号线
沈阳北站:,123.442579,41.823001,地铁2号线
怀远门:,123.454213,41.803147,地铁1号线
中街:,123.468114,41.807626,地铁1号线
东中街:,123.477634,41.80933,地铁1号线
市府广场:,123.44065,41.810516,地铁2号线
岐山路:,123.435955,41.828567,地铁2号线
沈阳站:,123.403396,41.799682,地铁1号线
太原街:,123.413131,41.795428,地铁1号线
南市场:,123.426577,41.794975,地铁1号线
青年大街:,123.439487,41.798155,地铁1号线; 地铁2号线
奥体中心:,123.46017,41.749034,地铁2号线
五里河:,123.447664,41.758626,地铁2号线
市图书馆:,123.442674,41.765923,地铁2号线
青年公园:,123.442692,41.790492,地铁2号线
工业展览馆:,123.441817,41.779153,地铁2号线
全运路:,123.488962,41.713853,地铁2号线
白塔河路:,123.477814,41.715674,地铁2号线
世纪大厦:,123.46836,41.725958,地铁2号线
营盘街:,123.462915,41.73766,地铁2号线
保工街:,123.362156,41.806791,地铁1号线
铁西广场:,123.377081,41.800484,地铁1号线
云峰北街:,123.387017,41.80261,地铁1号线
于洪广场:,123.31243,41.799961,地铁1号线
迎宾路:,123.316075,41.807251,地铁1号线
重工街:,123.338086,41.81098,地铁1号线
开发大道:,123.311963,41.786685,地铁1号线
四号街:,123.283756,41.771833,地铁1号线
张士:,123.300441,41.777329,地铁1号线
十三号街:,123.236738,41.771744,地铁1号线
中央大街:,123.24879,41.771802,地铁1号线
七号街:,123.266034,41.771515,地铁1号线
华强北站(地铁2号线):,114.093037,22.55073,null
比亚迪充电站(民乐地铁站):,114.05508,22.600816,深圳市龙华区民乐地铁站帝旁边
世界之窗站C1:,113.979753,22.543749,深南大道9087号世界之窗停车内欧风街5号楼
南联地铁公交接驳站:,114.274548,22.72993,深圳市龙岗区
大运地铁接驳站总站:,114.233533,22.692351,广东省深圳市龙岗区龙飞大道
上屋北:,113.944395,22.694974,宝安区
公共自行车大芬地铁站2:,114.144957,22.619906,中怡路与龙岗大道交叉口东北50米
地铁站(东泉店):,114.042317,22.624702,深圳市龙华区民治街道民治明康路百易广场F1
红山:,114.029892,22.628111,地铁4号线(龙华线)
深圳青年和谐家园公寓(深大地铁站深南花园店):,113.951075,22.546495,深圳南山区深南大道科兴路11号深南花园C座28D（地铁深大站A4出口）
sk登良地铁站d出口自行车租赁点:,113.944094,22.51541,后海滨路与登良路交叉口南100米
福永地铁站维也纳:,113.811872,22.678234,广东省深圳市宝安区宝安大道旁(地铁11号线福永站B出口)
机场东:,113.829326,22.652727,地铁1号线(罗宝线)
地铁站(华南城总店):,114.129322,22.685901,广东省深圳市龙岗区Y205(平吉大道)
地铁站:,113.830958,22.736049,深圳市宝安区沙井50
双龙:,114.284105,22.734723,3号线
南联:,114.272256,22.728113,3号线
龙城广场:,114.260976,22.723222,3号线
吉祥:,114.25087,22.716036,3号线
爱联:,114.240824,22.703949,3号线
大运:,114.234626,22.692106,3号线
荷坳:,114.230757,22.67937,3号线
永湖:,114.224473,22.664994,3号线
横岗:,114.215408,22.654411,3号线
塘坑:,114.19933,22.644989,3号线
六约:,114.187297,22.639974,3号线
杨美:,114.086573,22.632634,5号线
百鸽笼:,114.136855,22.601728,5号线
丹竹头:,114.154575,22.62573,3号线
大芬:,114.144802,22.620315,3号线
木棉湾:,114.13689,22.613364,3号线
布吉:,114.128025,22.608011,3号线; 5号线
上水径:,114.111884,22.627942,5号线
下水径:,114.117164,22.62123,5号线
长龙:,114.120431,22.614274,5号线
草埔:,114.122821,22.590902,3号线
水贝:,114.131395,22.580491,3号线
翠竹:,114.13658,22.562715,3号线
晒布:,114.129198,22.555693,3号线
新秀:,114.155465,22.553694,2号线
湖贝:,114.13172,22.550606,2号线
布心:,114.144521,22.587239,5号线
怡景:,114.146592,22.562029,5号线
黄贝岭:,114.143367,22.552416,2号线; 5号线
太安:,114.143523,22.579518,5号线; 7号线
向西村:,114.132273,22.546172,9号线
洪湖:,114.129336,22.572092,7号线
田贝:,114.136542,22.573667,3号线; 7号线
文锦:,114.137445,22.548714,9号线
红岭南:,114.111226,22.545533,9号线
通新岭:,114.10283,22.555197,3号线
燕南:,114.099457,22.550493,2号线
银湖:,114.096324,22.574342,9号线
园岭:,114.110895,22.562236,9号线
华强路:,114.09171,22.546355,1号线
科学馆:,114.10135,22.546727,1号线
老街:,114.122794,22.550547,1号线; 3号线
国贸:,114.125156,22.546055,1号线
黄木岗:,114.09363,22.561766,7号线
笋岗:,114.117667,22.569697,7号线
华新:,114.093207,22.554929,3号线; 7号线
红岭:,114.110284,22.555331,3号线; 9号线
大剧院:,114.114739,22.547976,1号线; 2号线
华强北:,114.092502,22.55025,2号线; 7号线
红岭北:,114.110793,22.568287,7号线; 9号线
八卦岭:,114.101087,22.567922,7号线
泥岗:,114.104372,22.573718,9号线
人民南:,114.124462,22.541853,9号线
罗湖:,114.125506,22.538737,1号线
鹿丹村:,114.115694,22.541542,9号线
赤尾:,114.090351,22.537705,7号线
华强南:,114.093342,22.543237,7号线
五和:,114.067352,22.632603,5号线
坂田:,114.077406,22.633264,5号线
清湖:,114.0431,22.669994,4号线
龙华:,114.029074,22.657912,4号线
龙胜:,114.018852,22.651062,4号线
上塘:,114.019211,22.643199,4号线
民治:,114.047419,22.623459,5号线
白石龙:,114.049182,22.607264,4号线
民乐:,114.055133,22.600182,4号线
塘朗:,114.006482,22.596454,5号线
长岭陂:,114.016794,22.605556,5号线
红山:,114.029983,22.627983,4号线
深圳北站:,114.037238,22.616716,4号线; 5号线
西丽湖:,113.97218,22.599603,7号线
大学城:,113.972166,22.588416,5号线
洨河大道:,114.634787,38.075265,地铁1号线
南村:,114.635236,38.065713,地铁1号线
火炬广场:,114.62989,38.04387,地铁1号线
石家庄东:,114.635676,38.054882,地铁1号线
留村:,114.614825,38.04399,地铁1号线
市二中:,114.483763,38.059236,地铁3号线
谈固:,114.568896,38.049525,地铁1号线
白佛:,114.592682,38.050428,地铁1号线
朝晖桥:,114.582999,38.050094,地铁1号线
北宋:,114.552434,38.049006,地铁1号线
博物院:,114.528438,38.048592,地铁1号线
体育场:,114.539297,38.048844,地铁1号线
北国商城:,114.518483,38.049043,地铁1号线
石家庄站:,114.492091,38.016634,地铁3号线
解放广场:,114.493744,38.049809,地铁1号线
西三教:,114.483763,38.023108,地铁3号线
槐安桥:,114.483754,38.034207,地铁3号线
东里:,114.483754,38.043075,地铁3号线
平安大街:,114.507972,38.049667,地铁1号线
新百广场:,114.483772,38.049448,地铁1号线; 地铁3号线
花桥:,121.110706,31.304845,地铁11号线
吴江汽车站:,120.669683,31.142704,地铁4号线
兆丰路:,121.156828,31.294652,地铁11号线
光明路:,121.123995,31.302118,地铁11号线
桐泾公园站(地铁2号线):,120.606579,31.285531,null
金民西路:,120.608692,31.352075,江苏省苏州市姑苏区金光路49号
兆丰路:,121.156828,31.294652,地铁11号线
光明路:,121.123995,31.302118,地铁11号线
花桥:,121.110706,31.304845,地铁11号线
钟南街:,120.762638,31.332382,地铁1号线
富翔路:,120.658159,31.435825,地铁2号线
骑河:,120.661716,31.443035,地铁2号线
高铁苏州北站:,120.651497,31.42746,地铁2号线
大湾:,120.639435,31.4224,地铁2号线
徐图港:,120.632194,31.381715,地铁2号线
富元路:,120.631321,31.409225,地铁2号线
蠡口:,120.630036,31.393971,地铁2号线
姚祥:,120.604723,31.39625,地铁4号线
活力岛:,120.606641,31.380688,地铁4号线
张庄:,120.604162,31.403822,地铁4号线
龙道浜:,120.611294,31.409347,地铁4号线
星塘街:,120.750508,31.331732,地铁1号线
南施街:,120.739541,31.330741,地铁1号线
星湖街:,120.726817,31.329506,地铁1号线
时代广场:,120.719375,31.328729,地铁1号线
文化博览中心:,120.71069,31.329398,地铁1号线
东方之门:,120.686198,31.322825,地铁1号线
星海广场:,120.677398,31.321281,地铁1号线
阳澄湖中路:,120.633596,31.372572,地铁2号线
陆慕:,120.629511,31.359335,地铁2号线
平泷路东:,120.619371,31.350876,地铁2号线
孙武纪念园:,120.609489,31.368325,地铁4号线
苏州火车站:,120.617057,31.3364,地铁2号线; 地铁4号线
平泷路西:,120.609244,31.350248,地铁4号线
苏锦:,120.611576,31.342743,地铁4号线
平河路:,120.620792,31.34332,地铁2号线
中央公园:,120.666231,31.319428,地铁1号线
东环路:,120.656413,31.317955,地铁1号线
相门:,120.645023,31.315637,地铁1号线
临顿路:,120.636949,31.31394,地铁1号线
南门:,120.631057,31.297807,地铁4号线
人民桥南:,120.632125,31.290432,地铁4号线
三元坊:,120.63004,31.304027,地铁4号线
养育巷:,120.620416,31.311357,地铁1号线
桐泾北路:,120.597553,31.309444,地铁1号线
察院场:,120.627681,31.317579,地铁4号线
三香广场:,120.604321,31.304181,地铁2号线
胥江路:,120.604964,31.29155,地铁2号线
乐桥:,120.628774,31.31249,地铁1号线; 地铁4号线
山塘街:,120.608396,31.326239,地铁2号线
北寺塔:,120.625988,31.327014,地铁4号线
广济南路:,120.607179,31.310353,地铁1号线; 地铁2号线
劳动路:,120.603998,31.298429,地铁2号线
石路:,120.606425,31.318138,地铁2号线
西环路:,120.583452,31.307699,地铁1号线
滨河路:,120.572676,31.306675,地铁1号线
塔园路:,120.563236,31.305766,地铁1号线
苏州乐园:,120.555642,31.299593,地铁1号线
玉山路:,120.556003,31.289244,地铁1号线
金尚路:,120.776578,31.275987,地铁2号线
金谷路:,120.763345,31.275275,地铁2号线
桑田岛:,120.788026,31.278081,地铁2号线
月亮湾:,120.733857,31.266737,地铁2号线
独墅湖邻里中心:,120.729352,31.259629,地铁2号线
松涛街:,120.746849,31.270317,地铁2号线
郭苑路:,120.691198,31.25422,地铁2号线
独墅湖南:,120.711599,31.254291,地铁2号线
尹山湖:,120.702681,31.254198,地铁2号线
郭巷:,120.680383,31.254705,地铁2号线
宝带桥南:,120.655013,31.255472,地铁2号线
宝带路:,120.635091,31.273127,地铁4号线
团结桥:,120.633625,31.282509,地铁4号线
尹中路:,120.671141,31.255345,地铁2号线
石湖东路:,120.636146,31.25893,地铁2号线; 地铁4号线
新家桥:,120.621577,31.262231,地铁2号线
友联:,120.615237,31.277974,地铁2号线
盘蠡路:,120.621003,31.27205,地铁2号线
桐泾公园:,120.606406,31.28524,地铁2号线
清树湾:,120.639141,31.227144,地铁4号线
红庄:,120.635171,31.242435,地铁4号线; 地铁4号线支线
花港:,120.639488,31.20943,地铁4号线
石湖莫舍:,120.610045,31.230802,地铁4号线支线
文溪路:,120.602719,31.209731,地铁4号线支线
蠡墅:,120.628062,31.236452,地铁4号线支线
越溪:,120.60293,31.222102,地铁4号线支线
同里:,120.706479,31.143601,地铁4号线
庞金路:,120.685844,31.143228,地铁4号线
江陵西路:,120.646361,31.183864,地铁4号线
江兴西路:,120.638983,31.175453,地铁4号线
笠泽路:,120.622343,31.160906,地铁4号线
天鹅荡路:,120.606839,31.197146,地铁4号线支线
苏州湾北:,120.601205,31.190135,地铁4号线支线
流虹路:,120.62546,31.168762,地铁4号线
吴江人民广场:,120.650068,31.138861,地铁4号线
松陵大道:,120.63032,31.137519,地铁4号线
顾家荡:,120.621014,31.151829,地铁4号线
苏州湾东:,120.622119,31.142795,地铁4号线
汾湖路:,120.548549,31.2837,地铁1号线
金枫路:,120.536099,31.28209,地铁1号线
木渎:,120.524885,31.280808,地铁1号线
木里:,120.585117,31.188816,地铁4号线支线
文化中心:,117.213242,39.095828,地铁6号线
肿瘤医院:,117.190664,39.084692,地铁6号线
地铁站港饮:,117.03149,39.150361,天津市西青区
双林:,117.298209,39.063297,地铁1号线
地铁西站站C:,117.172428,39.161787,天津市红桥区
太湖路:,117.729789,39.0261,津滨轻轨地铁9号线
会展中心:,117.73797,39.036116,津滨轻轨地铁9号线
东海路:,117.743684,39.046823,津滨轻轨地铁9号线
泰达:,117.685948,39.031333,津滨轻轨地铁9号线
市民广场:,117.709078,39.024549,津滨轻轨地铁9号线
塘沽:,117.667631,39.035228,津滨轻轨地铁9号线
胡家园:,117.613894,39.046842,津滨轻轨地铁9号线
钢管公司:,117.510526,39.045989,津滨轻轨地铁9号线
军粮城:,117.462329,39.054055,津滨轻轨地铁9号线
小淀:,117.26435,39.245495,地铁3号线
南孙庄:,117.325113,39.212301,地铁6号线
南何庄:,117.297516,39.211814,地铁6号线
大毕庄:,117.285235,39.20858,地铁6号线
金钟街:,117.272176,39.205789,地铁6号线
丰产河:,117.2422,39.244455,地铁3号线
华北集团:,117.234042,39.233704,地铁3号线
天士力:,117.221692,39.211894,地铁3号线
宜兴埠:,117.225165,39.203594,地铁3号线
西横堤:,117.128237,39.206418,地铁1号线
刘园:,117.122199,39.214346,地铁1号线
空港经济区:,117.341452,39.163774,地铁2号线
滨海国际机场:,117.367385,39.139655,地铁2号线
国山路:,117.316637,39.16022,地铁2号线
登州路:,117.302678,39.156483,地铁2号线
金钟河大街:,117.249364,39.177518,地铁6号线
徐庄子:,117.260459,39.197428,地铁6号线
屿东城:,117.286214,39.153154,地铁2号线
翠阜新村:,117.264018,39.150219,地铁2号线
靖江路:,117.250583,39.148847,地铁2号线
小东庄:,117.410014,39.070089,津滨轻轨地铁9号线
新立:,117.34244,39.091919,津滨轻轨地铁9号线
东丽开发区:,117.363773,39.085739,津滨轻轨地铁9号线
二号桥:,117.299586,39.100874,津滨轻轨地铁9号线
张贵庄:,117.314322,39.097819,津滨轻轨地铁9号线
东兴路:,117.248513,39.110095,津滨轻轨地铁9号线
中山门:,117.270533,39.107072,津滨轻轨地铁9号线
一号桥:,117.289661,39.101816,津滨轻轨地铁9号线
财经大学:,117.283491,39.069786,地铁1号线
华山里:,117.268393,39.072198,地铁1号线
复兴门:,117.266729,39.083233,地铁1号线
陈塘庄:,117.254872,39.089772,地铁1号线
洞庭路:,117.251946,39.049788,地铁6号线
梅林路:,117.260911,39.051168,地铁6号线
张兴庄:,117.221746,39.197741,地铁3号线
铁东路:,117.214233,39.186,地铁3号线
中山路:,117.212041,39.167913,地铁3号线
金狮桥:,117.214306,39.157298,地铁3号线
北宁公园:,117.229667,39.172465,地铁6号线
新开河:,117.209303,39.174825,地铁6号线
北站:,117.214094,39.17241,地铁3号线; 地铁6号线
民权门:,117.23981,39.175226,地铁6号线
洪湖里:,117.168631,39.176792,地铁1号线
勤俭道:,117.16026,39.184219,地铁1号线
天泰路:,117.190743,39.173588,地铁6号线
复兴路:,117.164818,39.161674,地铁6号线
外院附中:,117.198352,39.17723,地铁6号线
西站:,117.171897,39.16213,地铁1号线; 地铁6号线
北竹林:,117.179326,39.165792,地铁6号线
建国道:,117.20714,39.1445,地铁2号线
大王庄:,117.224925,39.133311,津滨轻轨地铁9号线
津湾广场:,117.214259,39.137575,地铁3号线
和平路:,117.211249,39.132947,地铁3号线
顺驰桥:,117.240237,39.147767,地铁2号线
远洋国际中心:,117.228662,39.142958,地铁2号线
天津站:,117.21747,39.144999,地铁2号线; 地铁3号线; 津滨轻轨地铁9号线
十一经路:,117.230057,39.127852,津滨轻轨地铁9号线
直沽:,117.240338,39.117237,津滨轻轨地铁9号线
下瓦房:,117.229265,39.111583,地铁1号线
小白楼:,117.221837,39.120969,地铁1号线
营口道:,117.204049,39.124376,地铁1号线; 地铁3号线
西康路:,117.194749,39.118037,地铁3号线
东南角:,117.197116,39.142561,地铁2号线
鼓楼:,117.187906,39.142765,地铁2号线
广开四马路:,117.168514,39.143603,地铁2号线
鞍山道:,117.194384,39.126019,地铁1号线
海光寺:,117.184158,39.12805,地铁1号线
二纬路:,117.181392,39.136388,地铁1号线
西南角:,117.178611,39.143134,地铁1号线; 地铁2号线
西北角:,117.178369,39.152073,地铁1号线
本溪路:,117.145835,39.191623,地铁1号线
果酒厂:,117.134533,39.198257,地铁1号线
芥园西道:,117.126309,39.148948,地铁2号线
咸阳路:,117.142454,39.143967,地铁2号线
卞兴:,117.115712,39.15249,地铁2号线
长虹公园:,117.156005,39.143712,地铁2号线; 地铁6号线
人民医院:,117.156223,39.152553,地铁6号线
宜宾道:,117.155961,39.132838,地铁6号线
鞍山西道:,117.155369,39.122791,地铁6号线
天拖:,117.15571,39.115673,地铁6号线
曹庄:,117.097626,39.151716,地铁2号线
乐园道:,117.223963,39.097547,地铁6号线
土城:,117.238362,39.095711,地铁1号线
南楼:,117.230193,39.102335,地铁1号线
黑牛城道:,117.230511,39.087663,地铁6号线
天津宾馆:,117.205252,39.091325,地铁6号线
梅江道:,117.231886,39.075192,地铁6号线
尖山路:,117.230188,39.093774,地铁6号线
吴家窑:,117.192519,39.106095,地铁3号线
天塔:,117.184904,39.101311,地铁3号线
周邓纪念馆:,117.170214,39.098506,地铁3号线
水上公园东路:,117.179569,39.085134,地铁6号线
南翠屏:,117.165223,39.085914,地铁6号线
左江道:,117.224133,39.066124,地铁6号线
梅江公园:,117.224179,39.0583,地铁6号线
解放南路:,117.241049,39.047765,地铁6号线
梅江会展中心:,117.223873,39.050917,地铁6号线
王顶堤:,117.145638,39.098557,地铁3号线
华苑:,117.135027,39.093449,地铁3号线
大学城:,117.118727,39.078667,地铁3号线
迎风道:,117.155961,39.092379,地铁6号线
一中心医院:,117.155675,39.109634,地铁6号线
红旗南路:,117.155252,39.098754,地铁3号线; 地铁6号线
高新区:,117.104919,39.078031,地铁3号线
杨伍庄:,117.07621,39.073888,地铁3号线
学府工业区:,117.085005,39.077774,地铁3号线
南站:,117.068811,39.062756,地铁3号线
光谷广场:,114.404498,30.511795,轨道交通2号线
园林路:,114.384335,30.606153,轨道交通4号线
园博园北:,114.229376,30.643897,金山大道
长港路地铁二站公共自行车租赁点:,114.252522,30.633642,常青五路与新湾二路交叉口北50米
惠济二路地铁二站自行车租赁点:,114.296953,30.617549,劳动街办事处
地铁首义路站:,114.314248,30.539262,武汉市武昌区
罗家庄地铁A站公共自行车租赁点:,114.310104,30.628764,武汉市江岸区
惠济二路地铁二站公共自行车租赁点:,114.29693,30.618603,湖北省武汉市江岸区建设大道776号
金台:,114.625795,30.719896,阳逻线
施岗:,114.607378,30.712578,阳逻线
阳逻开发区:,114.57442,30.70744,阳逻线
武生院:,114.532154,30.714241,阳逻线
军民村:,114.521545,30.715785,阳逻线
阳逻:,114.559669,30.709101,阳逻线
沙口:,114.483987,30.71549,阳逻线
武湖:,114.436206,30.712757,阳逻线
高车:,114.415214,30.719068,阳逻线
青龙:,114.396867,30.711618,阳逻线
朱家河:,114.371256,30.687009,阳逻线
谌家矶:,114.379195,30.690012,阳逻线
幸福湾:,114.350593,30.678418,阳逻线
滠口新城:,114.348816,30.690346,轨道交通1号线
滕子岗:,114.347872,30.680341,轨道交通1号线
汉口北:,114.336081,30.717697,轨道交通1号线
盘龙城:,114.266462,30.70658,轨道交通2号线
宏图大道:,114.285619,30.675061,轨道交通2号线; 轨道交通3号线; 轨道交通8号线
金潭路:,114.29055,30.682709,轨道交通8号线
巨龙大道:,114.26074,30.717569,轨道交通2号线
工业四路:,114.413002,30.613845,轨道交通4号线
杨春湖:,114.422685,30.610838,轨道交通4号线
仁和路:,114.395912,30.6113,轨道交通4号线
武汉火车站:,114.432237,30.613165,轨道交通4号线
罗家港:,114.378096,30.599141,轨道交通4号线
徐东:,114.352143,30.594594,轨道交通8号线
汪家墩:,114.35749,30.59067,轨道交通8号线
铁机路:,114.37559,30.590251,轨道交通4号线
二七路:,114.325411,30.630907,轨道交通1号线
徐州新村:,114.32953,30.637125,轨道交通1号线
丹水池:,114.336617,30.649741,轨道交通1号线
新荣:,114.341122,30.662112,轨道交通1号线
堤角:,114.344773,30.672028,轨道交通1号线
新荣客运站:,114.339534,30.66367,阳逻线
市民之家:,114.30425,30.666712,轨道交通3号线
百步亭花园路:,114.322024,30.660137,阳逻线
兴业路:,114.310515,30.647964,轨道交通3号线
二七小路:,114.314333,30.634444,轨道交通3号线
后湖大道:,114.310756,30.655774,轨道交通3号线; 阳逻线
常青城:,114.261595,30.664908,轨道交通2号线
塔子湖:,114.286998,30.65851,轨道交通8号线
竹叶山:,114.2936,30.631138,轨道交通8号线
中一路:,114.287636,30.645819,轨道交通8号线
石桥:,114.271906,30.636621,轨道交通6号线
杨汊湖:,114.267964,30.641312,轨道交通6号线
三阳路:,114.308391,30.605073,轨道交通1号线
黄浦路:,114.313974,30.614096,轨道交通1号线; 轨道交通8号线
头道街:,114.320575,30.623672,轨道交通1号线
赵家条:,114.303606,30.623663,轨道交通3号线; 轨道交通8号线
罗家庄:,114.311129,30.629789,轨道交通3号线
徐家棚:,114.342381,30.597643,轨道交通8号线
中山公园:,114.279134,30.587947,轨道交通2号线
青年路:,114.27124,30.591484,轨道交通2号线
王家墩东:,114.26978,30.599794,轨道交通2号线
汉口火车站:,114.261448,30.621887,轨道交通2号线
友谊路:,114.285056,30.586861,轨道交通1号线
循礼门:,114.29315,30.591203,轨道交通1号线; 轨道交通2号线
惠济二路:,114.297226,30.618157,轨道交通3号线
大智路:,114.30099,30.598388,轨道交通1号线; 轨道交通6号线
三眼桥:,114.282237,30.616282,轨道交通6号线
云飞路:,114.258257,30.611191,轨道交通3号线
唐家墩:,114.277818,30.623632,轨道交通6号线
范湖:,114.267108,30.613241,轨道交通2号线; 轨道交通3号线
香港路:,114.291127,30.610922,轨道交通3号线; 轨道交通6号线
苗栗路:,114.296611,30.604222,轨道交通6号线
菱角湖:,114.282375,30.609928,轨道交通3号线
天河机场:,114.222779,30.776314,轨道交通2号线
航空总部:,114.233818,30.738539,轨道交通2号线
宋家岗:,114.243332,30.729831,轨道交通2号线
长港路:,114.252623,30.633269,轨道交通2号线
金银潭:,114.249285,30.656893,轨道交通2号线
轻工大学:,114.240916,30.645966,轨道交通6号线
园博园北:,114.229534,30.644179,轨道交通6号线
常青花园:,114.249408,30.646976,轨道交通2号线; 轨道交通6号线
金银湖:,114.211541,30.645266,轨道交通6号线
金银湖公园:,114.187079,30.642415,轨道交通6号线
古田四路:,114.21825,30.595223,轨道交通1号线
汉西一路:,114.225255,30.591635,轨道交通1号线
宗关:,114.232517,30.586704,轨道交通1号线; 轨道交通3号线
双墩:,114.238905,30.593054,轨道交通3号线
武汉商务区:,114.2532,30.604305,轨道交通3号线
舵落口:,114.176236,30.615632,轨道交通1号线
古田一路:,114.18975,30.610096,轨道交通1号线
古田二路:,114.203187,30.603301,轨道交通1号线
古田三路:,114.211196,30.599332,轨道交通1号线
竹叶海:,114.170607,30.620613,轨道交通1号线
东吴大道:,114.134977,30.631177,轨道交通1号线
码头潭公园:,114.129912,30.637972,轨道交通1号线
三店:,114.127235,30.655853,轨道交通1号线
径河:,114.127515,30.666337,轨道交通1号线
五环大道:,114.145516,30.623881,轨道交通1号线
额头湾:,114.162303,30.624476,轨道交通1号线
东亭:,114.362103,30.576573,轨道交通4号线
梨园:,114.378113,30.58079,轨道交通8号线
青鱼嘴:,114.355954,30.569808,轨道交通4号线
岳家嘴:,114.368165,30.583288,轨道交通4号线; 轨道交通8号线
楚河汉街:,114.347699,30.559989,轨道交通4号线
杨家湾:,114.389309,30.511222,轨道交通2号线
虎泉:,114.376898,30.518484,轨道交通2号线
广埠屯:,114.370338,30.528998,轨道交通2号线
街道口:,114.360126,30.532832,轨道交通2号线
宝通寺:,114.347495,30.536549,轨道交通2号线
天一:,120.311001,31.643459,地铁1号线
锡北运河:,120.321409,31.668214,地铁1号线
堰桥:,120.321451,31.68135,地铁1号线
西漳:,120.31018,31.651471,地铁1号线
无锡东站:,120.466615,31.603157,地铁2号线
迎宾广场:,120.461008,31.59778,地铁2号线
映月湖公园:,120.455877,31.592707,地铁2号线
查桥:,120.437884,31.586837,地铁2号线
九里河公园:,120.415463,31.586167,地铁2号线
云林:,120.401231,31.585472,地铁2号线
东亭:,120.370105,31.588505,地铁2号线
庄桥:,120.385687,31.584356,地铁2号线
柏庄:,120.357498,31.592306,地铁2号线
广益:,120.347783,31.592753,地铁2号线
上马墩:,120.327576,31.588437,地铁2号线
靖海:,120.336397,31.589298,地铁2号线
庄前:,120.311532,31.615491,地铁1号线
刘潭:,120.310914,31.632512,地铁1号线
民丰:,120.310135,31.606483,地铁1号线
梁溪大桥:,120.292743,31.572906,地铁2号线
无锡火车站:,120.313334,31.594912,地铁1号线
太湖广场:,120.311822,31.560822,地铁1号线
清名桥:,120.31808,31.554815,地铁1号线
南禅寺:,120.312563,31.57326,地铁1号线
谈渡桥:,120.311736,31.567674,地铁1号线
胜利门:,120.306579,31.587834,地铁1号线
五爱广场:,120.297029,31.579174,地铁2号线
东林广场:,120.31475,31.584083,地铁2号线
大王基:,120.282285,31.570734,地铁2号线
三阳广场:,120.306399,31.581373,地铁1号线; 地铁2号线
小桃源:,120.256101,31.565492,地铁2号线
河埒口:,120.267267,31.568286,地铁2号线
荣巷:,120.243113,31.56297,地铁2号线
南湖家园:,120.330706,31.515573,地铁1号线
华清大桥:,120.334362,31.53985,地铁1号线
扬名:,120.331164,31.527182,地铁1号线
人民医院:,120.325836,31.547721,地铁1号线
塘铁桥:,120.332453,31.50656,地铁1号线
金匮公园:,120.326817,31.499231,地铁1号线
江南大学:,120.285165,31.489852,地铁1号线
长广溪:,120.283901,31.4792,地铁1号线
市民中心:,120.312171,31.496757,地铁1号线
文化宫:,120.29774,31.495686,地铁1号线
梅园开原寺:,120.225852,31.557174,地铁2号线
洪坑(地铁站):,118.231792,24.578324,(在建)3号线
莲花路口:,118.129242,24.488912,地铁1号线
乌石浦:,118.132938,24.504531,地铁1号线
塘边:,118.129221,24.512065,地铁1号线
火炬园:,118.125125,24.51836,地铁1号线
吕厝:,118.134441,24.496879,地铁1号线
天水路:,118.072692,24.632225,地铁1号线
集美大道:,118.061922,24.625933,地铁1号线
厦门北站:,118.079645,24.643368,地铁1号线
岩内:,118.076438,24.649608,地铁1号线
集美软件园:,118.053998,24.618961,地铁1号线
集美学村:,118.098824,24.570218,地铁1号线
诚毅广场:,118.06086,24.609156,地铁1号线
杏锦路:,118.063763,24.587784,地铁1号线
杏林村:,118.068109,24.583028,地铁1号线
园博苑:,118.073751,24.576119,地铁1号线
官任:,118.06505,24.599746,地铁1号线
高崎:,118.123508,24.543385,地铁1号线
殿前:,118.122904,24.531396,地铁1号线
湖滨东路:,118.117997,24.480252,地铁1号线
莲坂:,118.124767,24.482044,地铁1号线
中山公园:,118.096469,24.462612,地铁1号线
文灶:,118.11,24.473995,地铁1号线
将军祠:,118.106288,24.467216,地铁1号线
镇海路:,118.088848,24.456642,地铁1号线
钟楼:,108.953567,34.267509,地铁2号线
朝阳门地铁站自行车租赁点:,108.98182,34.275723,陕西省西安市新城区长乐西路朝阳国际广场C座旁
凤城五路地铁站d口自行车租赁点:,108.954357,34.33624,凤城五路与未央路交叉口东100米
凤城五路地铁站b口自行车租赁点:,108.95323,34.335458,陕西省西安市未央区凤城五路西段14号赛高街区
西安地铁枣园站:,108.868248,34.285782,西安市莲湖区
龙首塬地铁站b口公共自行车租赁点:,108.953356,34.297771,西安市莲湖区
新筑:,109.04933,34.388897,地铁3号线
双寨:,109.047577,34.378201,地铁3号线
国际港务区:,109.045955,34.36685,地铁3号线
保税区:,109.050587,34.401543,地铁3号线
纺织城:,109.076153,34.285655,地铁1号线
务庄:,109.053893,34.351235,地铁3号线
浐灞中心:,109.052725,34.322604,地铁3号线
香湖湾:,109.058831,34.336601,地铁3号线
浐河:,109.050791,34.280019,地铁1号线
半坡:,109.062659,34.281615,地铁1号线
长乐坡:,109.037216,34.2778,地铁1号线
桃花潭:,109.039575,34.31682,地铁3号线
胡家庙:,109.002238,34.283421,地铁3号线
辛家庙:,109.00206,34.311178,地铁3号线
石家街:,109.002133,34.297021,地铁3号线
广泰门:,109.01982,34.316509,地铁3号线
康复路:,108.990599,34.275634,地铁1号线
延兴门:,109.00347,34.249784,地铁3号线
咸宁路:,109.003219,34.256997,地铁3号线
通化门:,109.001919,34.275613,地铁1号线; 地铁3号线
万寿路:,109.019305,34.275306,地铁1号线
长乐公园:,109.002734,34.2665,地铁3号线
青龙寺:,109.000721,34.236914,地铁3号线
北苑:,108.951408,34.368361,地铁2号线
北客站:,108.94487,34.382287,地铁2号线
市图书馆:,108.95369,34.323935,地铁2号线
凤城五路:,108.953716,34.3361,地铁2号线
行政中心:,108.953677,34.347319,地铁2号线
运动公园:,108.954169,34.358693,地铁2号线
安远门:,108.953611,34.287441,地铁2号线
龙首原:,108.953683,34.298217,地铁2号线
大明宫西:,108.953647,34.311052,地铁2号线
枣园:,108.869489,34.285498,地铁1号线
皂河:,108.858826,34.290424,地铁1号线
汉城路:,108.880264,34.279013,地铁1号线
三桥:,108.838468,34.296522,地铁1号线
后卫寨:,108.820109,34.30633,地铁1号线
体育场:,108.953275,34.238678,地铁2号线
南稍门:,108.953319,34.246485,地铁2号线
永宁门:,108.953357,34.25461,地铁2号线
洒金桥:,108.940508,34.275783,地铁1号线
朝阳门:,108.980287,34.276362,地铁1号线
北大街:,108.953583,34.276162,地铁1号线; 地铁2号线
五路口:,108.969348,34.276294,地铁1号线
科技路:,108.910964,34.236861,地铁3号线
玉祥门:,108.927228,34.275445,地铁1号线
开远门:,108.899551,34.275009,地铁1号线
劳动路:,108.916548,34.27524,地铁1号线
会展中心:,108.953792,34.204422,地铁2号线
纬一街:,108.953113,34.21874,地铁2号线
北池头:,108.983538,34.229929,地铁3号线
大雁塔:,108.970492,34.229142,地铁3号线
小寨:,108.953196,34.229055,地铁2号线; 地铁3号线
吉祥村:,108.938448,34.228829,地铁3号线
太白南路:,108.923109,34.231495,地铁3号线
丈八北路:,108.87946,34.24333,地铁3号线
鱼化寨:,108.85446,34.244299,地铁3号线
延平门:,108.893877,34.242958,地铁3号线
航天城:,108.951065,34.164328,地铁2号线
韦曲南:,108.951804,34.148397,地铁2号线
三爻:,108.952286,34.189424,地铁2号线
凤栖原:,108.951589,34.175464,地铁2号线
文苑北路:,113.818828,34.814373,地铁1号线
刘庄:,113.685609,34.849819,地铁2号线
北三环:,113.688035,34.810929,地铁2号线
柳林:,113.68781,34.834324,地铁2号线
沙门:,113.688214,34.825294,地铁2号线
河南工业大学:,113.548672,34.833033,地铁1号线
郑大科技园:,113.548222,34.823226,地铁1号线
郑州大学:,113.547845,34.81395,地铁1号线
龙子湖:,113.817104,34.798465,地铁1号线
市体育中心:,113.817022,34.778486,地铁1号线
博学路:,113.799026,34.765833,地铁1号线
郑州东站:,113.782675,34.765469,地铁1号线
东风南路:,113.772905,34.770764,地铁1号线
农业南路:,113.761709,34.771704,地铁1号线
会展中心:,113.732302,34.772327,地铁1号线
黄河南路:,113.750911,34.769049,地铁1号线
民航路:,113.720912,34.768962,地铁1号线
燕庄:,113.709997,34.768868,地铁1号线
关虎屯:,113.688242,34.793722,地铁2号线
紫荆山:,113.688911,34.767668,地铁1号线; 地铁2号线
东风路:,113.688028,34.801853,地铁2号线
黄河路:,113.688572,34.780393,地铁2号线
人民路:,113.680497,34.763513,地铁1号线
陇海东路:,113.688601,34.744107,地铁2号线
南五里堡:,113.68781,34.726263,地铁2号线
二里岗:,113.688544,34.735111,地铁2号线
东大街:,113.688592,34.753337,地铁2号线
二七广场:,113.672673,34.758646,地铁1号线
郑州火车站:,113.661999,34.75259,地铁1号线
医学院:,113.649592,34.753886,地铁1号线
五一公园:,113.619736,34.761917,地铁1号线
秦岭路:,113.609931,34.762728,地铁1号线
碧沙岗:,113.630898,34.761274,地铁1号线
市民中心:,113.56047,34.768021,地铁1号线
西流湖:,113.576833,34.766967,地铁1号线
西三环:,113.595016,34.765583,地铁1号线
绿城广场:,113.639838,34.75386,地铁1号线
站马屯:,113.688987,34.690201,地铁2号线
南三环:,113.688891,34.704468,地铁2号线
花寨:,113.688852,34.711323,地铁2号线
沙窝李:,113.687702,34.632903,城郊线
南四环:,113.688438,34.66849,城郊线; 地铁2号线
十八里河:,113.688661,34.653532,城郊线
港区北:,113.842436,34.590625,城郊线
康平湖:,113.859645,34.590874,城郊线
孟庄:,113.824398,34.591309,城郊线
综合保税区:,113.863995,34.555345,城郊线
恩平湖:,113.866071,34.574028,城郊线
兰河公园:,113.866059,34.582044,城郊线
华南城东:,113.780786,34.600424,城郊线
华南城:,113.755605,34.600233,城郊线
华南城西:,113.731782,34.59986,城郊线
新郑机场:,113.859085,34.532243,城郊线
小乔:,113.700701,34.606204,城郊线
双湖大道:,113.689419,34.617092,城郊线
兰寨:,113.547477,34.789578,地铁1号线
梧桐街:,113.547487,34.800308,地铁1号线
铁炉:,113.547171,34.774855,地铁1号线
